{
    "SUN397": [
        {
            "acc/test/SUN397": 0.6542065739631653,
            "loss/test/SUN397": 1.216617465019226,
            "normalized_acc/test/SUN397": 0.8737132549285889
        }
    ],
    "Cars": [
        {
            "acc/test/Cars": 0.6362392902374268,
            "loss/test/Cars": 1.0978904962539673,
            "normalized_acc/test/Cars": 0.7971330881118774
        }
    ],
    "RESISC45": [
        {
            "acc/test/RESISC45": 0.7019047737121582,
            "loss/test/RESISC45": 1.0074862241744995,
            "normalized_acc/test/RESISC45": 0.7365090250968933
        }
    ],
    "EuroSAT": [
        {
            "acc/test/EuroSAT": 0.7655555605888367,
            "loss/test/EuroSAT": 0.6562907695770264,
            "normalized_acc/test/EuroSAT": 0.7712686657905579
        }
    ],
    "SVHN": [
        {
            "acc/test/SVHN": 0.6778579950332642,
            "loss/test/SVHN": 1.0090765953063965,
            "normalized_acc/test/SVHN": 0.701239824295044
        }
    ],
    "GTSRB": [
        {
            "acc/test/GTSRB": 0.5464766621589661,
            "loss/test/GTSRB": 1.4914424419403076,
            "normalized_acc/test/GTSRB": 0.5523809790611267
        }
    ],
    "MNIST": [
        {
            "acc/test/MNIST": 0.8912000060081482,
            "loss/test/MNIST": 0.46194005012512207,
            "normalized_acc/test/MNIST": 0.8961287140846252
        }
    ],
    "DTD": [
        {
            "acc/test/DTD": 0.4968084990978241,
            "loss/test/DTD": 1.8673254251480103,
            "normalized_acc/test/DTD": 0.635374128818512
        }
    ],
    "avg": [
        {
            "acc/test/avg": 0.6712811700999737,
            "normalized_acc/test/avg": 0.7454684600234032
        }
    ]
}