{
    "SUN397__Cars": {
        "SUN397": [
            {
                "acc/test/SUN397": 0.7258942127227783,
                "loss/test/SUN397": 1.0114353895187378,
                "normalized_acc/test/SUN397": 0.9694543480873108
            }
        ],
        "Cars": [
            {
                "acc/test/Cars": 0.7533888816833496,
                "loss/test/Cars": 0.8012666702270508,
                "normalized_acc/test/Cars": 0.9439077973365784
            }
        ],
        "avg": [
            {
                "acc/test/avg": 0.739641547203064,
                "normalized_acc/test/avg": 0.9566810727119446
            }
        ]
    },
    "SUN397__RESISC45": {
        "SUN397": [
            {
                "acc/test/SUN397": 0.7238790988922119,
                "loss/test/SUN397": 1.0389405488967896,
                "normalized_acc/test/SUN397": 0.9667630791664124
            }
        ],
        "RESISC45": [
            {
                "acc/test/RESISC45": 0.9147619009017944,
                "loss/test/RESISC45": 0.29357677698135376,
                "normalized_acc/test/RESISC45": 0.95986008644104
            }
        ],
        "avg": [
            {
                "acc/test/avg": 0.8193204998970032,
                "normalized_acc/test/avg": 0.9633115828037262
            }
        ]
    },
    "SUN397__EuroSAT": {
        "SUN397": [
            {
                "acc/test/SUN397": 0.7169269323348999,
                "loss/test/SUN397": 1.0011707544326782,
                "normalized_acc/test/SUN397": 0.9574782252311707
            }
        ],
        "EuroSAT": [
            {
                "acc/test/EuroSAT": 0.9855555295944214,
                "loss/test/EuroSAT": 0.051272448152303696,
                "normalized_acc/test/EuroSAT": 0.9929104447364807
            }
        ],
        "avg": [
            {
                "acc/test/avg": 0.8512412309646606,
                "normalized_acc/test/avg": 0.9751943349838257
            }
        ]
    },
    "SUN397__SVHN": {
        "SUN397": [
            {
                "acc/test/SUN397": 0.6968262195587158,
                "loss/test/SUN397": 1.0796805620193481,
                "normalized_acc/test/SUN397": 0.9306331276893616
            }
        ],
        "SVHN": [
            {
                "acc/test/SVHN": 0.9538260698318481,
                "loss/test/SVHN": 0.1792251467704773,
                "normalized_acc/test/SVHN": 0.9867270588874817
            }
        ],
        "avg": [
            {
                "acc/test/avg": 0.825326144695282,
                "normalized_acc/test/avg": 0.9586800932884216
            }
        ]
    },
    "SUN397__GTSRB": {
        "SUN397": [
            {
                "acc/test/SUN397": 0.7138538956642151,
                "loss/test/SUN397": 1.0476188659667969,
                "normalized_acc/test/SUN397": 0.9533740878105164
            }
        ],
        "GTSRB": [
            {
                "acc/test/GTSRB": 0.9653206467628479,
                "loss/test/GTSRB": 0.14186519384384155,
                "normalized_acc/test/GTSRB": 0.9757502675056458
            }
        ],
        "avg": [
            {
                "acc/test/avg": 0.8395872712135315,
                "normalized_acc/test/avg": 0.964562177658081
            }
        ]
    },
    "SUN397__MNIST": {
        "SUN397": [
            {
                "acc/test/SUN397": 0.701259434223175,
                "loss/test/SUN397": 1.0928587913513184,
                "normalized_acc/test/SUN397": 0.9365538358688354
            }
        ],
        "MNIST": [
            {
                "acc/test/MNIST": 0.993399977684021,
                "loss/test/MNIST": 0.03164141625165939,
                "normalized_acc/test/MNIST": 0.9988939166069031
            }
        ],
        "avg": [
            {
                "acc/test/avg": 0.847329705953598,
                "normalized_acc/test/avg": 0.9677238762378693
            }
        ]
    },
    "SUN397__DTD": {
        "SUN397": [
            {
                "acc/test/SUN397": 0.7287657260894775,
                "loss/test/SUN397": 1.0211654901504517,
                "normalized_acc/test/SUN397": 0.9732893109321594
            }
        ],
        "DTD": [
            {
                "acc/test/DTD": 0.7037234306335449,
                "loss/test/DTD": 1.2124223709106445,
                "normalized_acc/test/DTD": 0.9000000357627869
            }
        ],
        "avg": [
            {
                "acc/test/avg": 0.7162445783615112,
                "normalized_acc/test/avg": 0.9366446733474731
            }
        ]
    },
    "Cars__RESISC45": {
        "Cars": [
            {
                "acc/test/Cars": 0.7582390308380127,
                "loss/test/Cars": 0.766051173210144,
                "normalized_acc/test/Cars": 0.9499844312667847
            }
        ],
        "RESISC45": [
            {
                "acc/test/RESISC45": 0.9149206280708313,
                "loss/test/RESISC45": 0.28115054965019226,
                "normalized_acc/test/RESISC45": 0.9600266218185425
            }
        ],
        "avg": [
            {
                "acc/test/avg": 0.836579829454422,
                "normalized_acc/test/avg": 0.9550055265426636
            }
        ]
    },
    "Cars__EuroSAT": {
        "Cars": [
            {
                "acc/test/Cars": 0.7561248540878296,
                "loss/test/Cars": 0.766516387462616,
                "normalized_acc/test/Cars": 0.9473356008529663
            }
        ],
        "EuroSAT": [
            {
                "acc/test/EuroSAT": 0.9844444394111633,
                "loss/test/EuroSAT": 0.0554172582924366,
                "normalized_acc/test/EuroSAT": 0.9917910695075989
            }
        ],
        "avg": [
            {
                "acc/test/avg": 0.8702846467494965,
                "normalized_acc/test/avg": 0.9695633351802826
            }
        ]
    },
    "Cars__SVHN": {
        "Cars": [
            {
                "acc/test/Cars": 0.7183186411857605,
                "loss/test/Cars": 0.9043419361114502,
                "normalized_acc/test/Cars": 0.8999688625335693
            }
        ],
        "SVHN": [
            {
                "acc/test/SVHN": 0.9482175707817078,
                "loss/test/SVHN": 0.20175528526306152,
                "normalized_acc/test/SVHN": 0.9809250831604004
            }
        ],
        "avg": [
            {
                "acc/test/avg": 0.8332681059837341,
                "normalized_acc/test/avg": 0.9404469728469849
            }
        ]
    },
    "Cars__GTSRB": {
        "Cars": [
            {
                "acc/test/Cars": 0.7480412721633911,
                "loss/test/Cars": 0.8163939714431763,
                "normalized_acc/test/Cars": 0.937207818031311
            }
        ],
        "GTSRB": [
            {
                "acc/test/GTSRB": 0.9616785645484924,
                "loss/test/GTSRB": 0.16066454350948334,
                "normalized_acc/test/GTSRB": 0.9720688462257385
            }
        ],
        "avg": [
            {
                "acc/test/avg": 0.8548599183559418,
                "normalized_acc/test/avg": 0.9546383321285248
            }
        ]
    },
    "Cars__MNIST": {
        "Cars": [
            {
                "acc/test/Cars": 0.717074990272522,
                "loss/test/Cars": 0.9096113443374634,
                "normalized_acc/test/Cars": 0.8984107375144958
            }
        ],
        "MNIST": [
            {
                "acc/test/MNIST": 0.993399977684021,
                "loss/test/MNIST": 0.03488905727863312,
                "normalized_acc/test/MNIST": 0.9988939166069031
            }
        ],
        "avg": [
            {
                "acc/test/avg": 0.8552374839782715,
                "normalized_acc/test/avg": 0.9486523270606995
            }
        ]
    },