{
    "SVHN": [
        {
            "acc/test/SVHN": 0.9285110831260681,
            "loss/test/SVHN": 0.2694879472255707,
            "normalized_acc/test/SVHN": 0.9605388641357422
        }
    ],
    "MNIST": [
        {
            "acc/test/MNIST": 0.991599977016449,
            "loss/test/MNIST": 0.036065347492694855,
            "normalized_acc/test/MNIST": 0.9970839619636536
        }
    ],
    "avg": [
        {
            "acc/test/avg": 0.9600555300712585,
            "normalized_acc/test/avg": 0.9788114130496979
        }
    ]
}