{
    "GTSRB": [
        {
            "acc/test/GTSRB": 0.9568488001823425,
            "loss/test/GTSRB": 0.17369399964809418,
            "normalized_acc/test/GTSRB": 0.9671869277954102
        }
    ],
    "FER2013": [
        {
            "acc/test/FER2013": 0.668709933757782,
            "loss/test/FER2013": 1.0915369987487793,
            "normalized_acc/test/FER2013": 0.9380496144294739
        }
    ],
    "avg": [
        {
            "acc/test/avg": 0.8127793669700623,
            "normalized_acc/test/avg": 0.952618271112442
        }
    ]
}