{
    "MNIST": [
        {
            "acc/test/MNIST": 0.992900013923645,
            "loss/test/MNIST": 0.03399820998311043,
            "normalized_acc/test/MNIST": 0.9983912110328674
        }
    ],
    "RenderedSST2": [
        {
            "acc/test/RenderedSST2": 0.6957715749740601,
            "loss/test/RenderedSST2": 0.6774758100509644,
            "normalized_acc/test/RenderedSST2": 1.025080919265747
        }
    ],
    "avg": [
        {
            "acc/test/avg": 0.8443357944488525,
            "normalized_acc/test/avg": 1.0117360651493073
        }
    ]
}