{
    "PCAM": [
        {
            "acc/test/PCAM": 0.83538818359375,
            "loss/test/PCAM": 0.35338905453681946,
            "normalized_acc/test/PCAM": 0.9684426784515381
        }
    ],
    "OxfordIIITPet": [
        {
            "acc/test/OxfordIIITPet": 0.8639956116676331,
            "loss/test/OxfordIIITPet": 0.40269744396209717,
            "normalized_acc/test/OxfordIIITPet": 0.9320787787437439
        }
    ],
    "avg": [
        {
            "acc/test/avg": 0.8496918976306915,
            "normalized_acc/test/avg": 0.950260728597641
        }
    ]
}