{
    "Cars": [
        {
            "acc/test/Cars": 0.7617211937904358,
            "loss/test/Cars": 0.7512930631637573,
            "normalized_acc/test/Cars": 0.9543471932411194
        }
    ],
    "RenderedSST2": [
        {
            "acc/test/RenderedSST2": 0.6935749650001526,
            "loss/test/RenderedSST2": 0.7294197678565979,
            "normalized_acc/test/RenderedSST2": 1.0218446254730225
        }
    ],
    "avg": [
        {
            "acc/test/avg": 0.7276480793952942,
            "normalized_acc/test/avg": 0.9880959093570709
        }
    ]
}