{
    "SUN397": [
        {
            "acc/test/SUN397": 0.701259434223175,
            "loss/test/SUN397": 1.0928587913513184,
            "normalized_acc/test/SUN397": 0.9365538358688354
        }
    ],
    "MNIST": [
        {
            "acc/test/MNIST": 0.993399977684021,
            "loss/test/MNIST": 0.03164141625165939,
            "normalized_acc/test/MNIST": 0.9988939166069031
        }
    ],
    "avg": [
        {
            "acc/test/avg": 0.847329705953598,
            "normalized_acc/test/avg": 0.9677238762378693
        }
    ]
}