{
    "Food101": [
        {
            "acc/test/Food101": 0.8510099053382874,
            "loss/test/Food101": 0.5706078410148621,
            "normalized_acc/test/Food101": 0.9891363978385925
        }
    ],
    "KMNIST": [
        {
            "acc/test/KMNIST": 0.9056000113487244,
            "loss/test/KMNIST": 0.5347479581832886,
            "normalized_acc/test/KMNIST": 0.9228574633598328
        }
    ],
    "avg": [
        {
            "acc/test/avg": 0.8783049583435059,
            "normalized_acc/test/avg": 0.9559969305992126
        }
    ]
}