{
    "SVHN": [
        {
            "acc/test/SVHN": 0.9532882571220398,
            "loss/test/SVHN": 0.18732669949531555,
            "normalized_acc/test/SVHN": 0.9861707091331482
        }
    ],
    "OxfordIIITPet": [
        {
            "acc/test/OxfordIIITPet": 0.9018806219100952,
            "loss/test/OxfordIIITPet": 0.3167459964752197,
            "normalized_acc/test/OxfordIIITPet": 0.9729491472244263
        }
    ],
    "avg": [
        {
            "acc/test/avg": 0.9275844395160675,
            "normalized_acc/test/avg": 0.9795599281787872
        }
    ]
}