{
    "OxfordIIITPet": [
        {
            "acc/test/OxfordIIITPet": 0.8917961120605469,
            "loss/test/OxfordIIITPet": 0.4050484597682953,
            "normalized_acc/test/OxfordIIITPet": 0.9620699286460876
        }
    ],
    "CIFAR100": [
        {
            "acc/test/CIFAR100": 0.8504999876022339,
            "loss/test/CIFAR100": 0.5932648181915283,
            "normalized_acc/test/CIFAR100": 0.9780358672142029
        }
    ],
    "avg": [
        {
            "acc/test/avg": 0.8711480498313904,
            "normalized_acc/test/avg": 0.9700528979301453
        }
    ]
}