{
    "SVHN": [
        {
            "acc/test/SVHN": 0.9484096765518188,
            "loss/test/SVHN": 0.20041511952877045,
            "normalized_acc/test/SVHN": 0.9811238050460815
        }
    ],
    "RenderedSST2": [
        {
            "acc/test/RenderedSST2": 0.6979681253433228,
            "loss/test/RenderedSST2": 0.6671695113182068,
            "normalized_acc/test/RenderedSST2": 1.0283170938491821
        }
    ],
    "avg": [
        {
            "acc/test/avg": 0.8231889009475708,
            "normalized_acc/test/avg": 1.0047204494476318
        }
    ]
}