{
    "CIFAR10": [
        {
            "acc/test/CIFAR10": 0.9527999758720398,
            "loss/test/CIFAR10": 0.185743510723114,
            "normalized_acc/test/CIFAR10": 0.9769301414489746
        }
    ],
    "KMNIST": [
        {
            "acc/test/KMNIST": 0.8237000107765198,
            "loss/test/KMNIST": 0.925804853439331,
            "normalized_acc/test/KMNIST": 0.8393967151641846
        }
    ],
    "avg": [
        {
            "acc/test/avg": 0.8882499933242798,
            "normalized_acc/test/avg": 0.9081634283065796
        }
    ]
}