{
    "OxfordIIITPet": [
        {
            "acc/test/OxfordIIITPet": 0.8964295387268066,
            "loss/test/OxfordIIITPet": 0.3386760950088501,
            "normalized_acc/test/OxfordIIITPet": 0.9670684933662415
        }
    ],
    "KMNIST": [
        {
            "acc/test/KMNIST": 0.9020000100135803,
            "loss/test/KMNIST": 0.5336675047874451,
            "normalized_acc/test/KMNIST": 0.9191888570785522
        }
    ],
    "avg": [
        {
            "acc/test/avg": 0.8992147743701935,
            "normalized_acc/test/avg": 0.9431286752223969
        }
    ]
}