{
    "SUN397": [
        {
            "acc/test/SUN397": 0.7242317199707031,
            "loss/test/SUN397": 1.0044912099838257,
            "normalized_acc/test/SUN397": 0.9672340154647827
        }
    ],
    "Food101": [
        {
            "acc/test/Food101": 0.8790099024772644,
            "loss/test/Food101": 0.47594642639160156,
            "normalized_acc/test/Food101": 1.0216810703277588
        }
    ],
    "avg": [
        {
            "acc/test/avg": 0.8016208112239838,
            "normalized_acc/test/avg": 0.9944575428962708
        }
    ]
}