{
    "GTSRB": [
        {
            "acc/test/GTSRB": 0.971179723739624,
            "loss/test/GTSRB": 0.13526220619678497,
            "normalized_acc/test/GTSRB": 0.9816726446151733
        }
    ],
    "OxfordIIITPet": [
        {
            "acc/test/OxfordIIITPet": 0.9108749032020569,
            "loss/test/OxfordIIITPet": 0.308126300573349,
            "normalized_acc/test/OxfordIIITPet": 0.9826521873474121
        }
    ],
    "avg": [
        {
            "acc/test/avg": 0.9410273134708405,
            "normalized_acc/test/avg": 0.9821624159812927
        }
    ]
}