{
    "RESISC45": [
        {
            "acc/test/RESISC45": 0.9188888669013977,
            "loss/test/RESISC45": 0.2829424738883972,
            "normalized_acc/test/RESISC45": 0.9641905426979065
        }
    ],
    "DTD": [
        {
            "acc/test/DTD": 0.7042553424835205,
            "loss/test/DTD": 1.204277753829956,
            "normalized_acc/test/DTD": 0.9006803035736084
        }
    ],
    "avg": [
        {
            "acc/test/avg": 0.8115721046924591,
            "normalized_acc/test/avg": 0.9324354231357574
        }
    ]
}