{
    "MNIST": [
        {
            "acc/test/MNIST": 0.991100013256073,
            "loss/test/MNIST": 0.06650592386722565,
            "normalized_acc/test/MNIST": 0.9965812563896179
        }
    ],
    "PCAM": [
        {
            "acc/test/PCAM": 0.83819580078125,
            "loss/test/PCAM": 0.3557582199573517,
            "normalized_acc/test/PCAM": 0.9716974496841431
        }
    ],
    "avg": [
        {
            "acc/test/avg": 0.9146479070186615,
            "normalized_acc/test/avg": 0.9841393530368805
        }
    ]
}