{
    "SUN397": [
        {
            "acc/test/SUN397": 0.7055919170379639,
            "loss/test/SUN397": 1.037259578704834,
            "normalized_acc/test/SUN397": 0.9423399567604065
        }
    ],
    "CIFAR10": [
        {
            "acc/test/CIFAR10": 0.9753999710083008,
            "loss/test/CIFAR10": 0.09560146927833557,
            "normalized_acc/test/CIFAR10": 1.0001025199890137
        }
    ],
    "avg": [
        {
            "acc/test/avg": 0.8404959440231323,
            "normalized_acc/test/avg": 0.9712212383747101
        }
    ]
}