{
    "Cars": [
        {
            "acc/test/Cars": 0.7582390308380127,
            "loss/test/Cars": 0.766051173210144,
            "normalized_acc/test/Cars": 0.9499844312667847
        }
    ],
    "RESISC45": [
        {
            "acc/test/RESISC45": 0.9149206280708313,
            "loss/test/RESISC45": 0.28115054965019226,
            "normalized_acc/test/RESISC45": 0.9600266218185425
        }
    ],
    "avg": [
        {
            "acc/test/avg": 0.836579829454422,
            "normalized_acc/test/avg": 0.9550055265426636
        }
    ]
}