{
    "Flowers102": [
        {
            "acc/test/Flowers102": 0.8128150701522827,
            "loss/test/Flowers102": 0.8171703815460205,
            "normalized_acc/test/Flowers102": 0.9044516682624817
        }
    ],
    "FER2013": [
        {
            "acc/test/FER2013": 0.6882140040397644,
            "loss/test/FER2013": 0.9657198190689087,
            "normalized_acc/test/FER2013": 0.9654093980789185
        }
    ],
    "avg": [
        {
            "acc/test/avg": 0.7505145370960236,
            "normalized_acc/test/avg": 0.9349305331707001
        }
    ]
}