{
    "RESISC45": [
        {
            "acc/test/RESISC45": 0.9246031641960144,
            "loss/test/RESISC45": 0.25121477246284485,
            "normalized_acc/test/RESISC45": 0.9701865315437317
        }
    ],
    "OxfordIIITPet": [
        {
            "acc/test/OxfordIIITPet": 0.9130553007125854,
            "loss/test/OxfordIIITPet": 0.28354835510253906,
            "normalized_acc/test/OxfordIIITPet": 0.9850043654441833
        }
    ],
    "avg": [
        {
            "acc/test/avg": 0.9188292324542999,
            "normalized_acc/test/avg": 0.9775954484939575
        }
    ]
}