{
    "EuroSAT": [
        {
            "acc/test/EuroSAT": 0.9800000190734863,
            "loss/test/EuroSAT": 0.06830848008394241,
            "normalized_acc/test/EuroSAT": 0.987313449382782
        }
    ],
    "Food101": [
        {
            "acc/test/Food101": 0.8629307150840759,
            "loss/test/Food101": 0.5109401941299438,
            "normalized_acc/test/Food101": 1.002992033958435
        }
    ],
    "avg": [
        {
            "acc/test/avg": 0.9214653670787811,
            "normalized_acc/test/avg": 0.9951527416706085
        }
    ]
}