{
    "Cars": [
        {
            "acc/test/Cars": 0.7354806661605835,
            "loss/test/Cars": 0.8570281863212585,
            "normalized_acc/test/Cars": 0.9214708805084229
        }
    ],
    "KMNIST": [
        {
            "acc/test/KMNIST": 0.8902000188827515,
            "loss/test/KMNIST": 0.5481506586074829,
            "normalized_acc/test/KMNIST": 0.9071639776229858
        }
    ],
    "avg": [
        {
            "acc/test/avg": 0.8128403425216675,
            "normalized_acc/test/avg": 0.9143174290657043
        }
    ]
}