{
    "Flowers102": [
        {
            "acc/test/Flowers102": 0.8063099980354309,
            "loss/test/Flowers102": 0.9049374461174011,
            "normalized_acc/test/Flowers102": 0.8972132205963135
        }
    ],
    "OxfordIIITPet": [
        {
            "acc/test/OxfordIIITPet": 0.9206868410110474,
            "loss/test/OxfordIIITPet": 0.27167409658432007,
            "normalized_acc/test/OxfordIIITPet": 0.9932372570037842
        }
    ],
    "avg": [
        {
            "acc/test/avg": 0.8634984195232391,
            "normalized_acc/test/avg": 0.9452252388000488
        }
    ]
}