{
    "FER2013": [
        {
            "acc/test/FER2013": 0.6776260733604431,
            "loss/test/FER2013": 1.0167222023010254,
            "normalized_acc/test/FER2013": 0.9505569338798523
        }
    ],
    "CIFAR100": [
        {
            "acc/test/CIFAR100": 0.8288000226020813,
            "loss/test/CIFAR100": 0.6701253056526184,
            "normalized_acc/test/CIFAR100": 0.9530819058418274
        }
    ],
    "avg": [
        {
            "acc/test/avg": 0.7532130479812622,
            "normalized_acc/test/avg": 0.9518194198608398
        }
    ]
}