{
    "CIFAR100": [
        {
            "acc/test/CIFAR100": 0.7677000164985657,
            "loss/test/CIFAR100": 0.9615262746810913,
            "normalized_acc/test/CIFAR100": 0.8828197121620178
        }
    ],
    "KMNIST": [
        {
            "acc/test/KMNIST": 0.9027000069618225,
            "loss/test/KMNIST": 0.5738159418106079,
            "normalized_acc/test/KMNIST": 0.9199022054672241
        }
    ],
    "avg": [
        {
            "acc/test/avg": 0.8352000117301941,
            "normalized_acc/test/avg": 0.901360958814621
        }
    ]
}