{
    "RESISC45": [
        {
            "acc/test/RESISC45": 0.9234920740127563,
            "loss/test/RESISC45": 0.25474226474761963,
            "normalized_acc/test/RESISC45": 0.969020664691925
        }
    ],
    "RenderedSST2": [
        {
            "acc/test/RenderedSST2": 0.7100494503974915,
            "loss/test/RenderedSST2": 0.7020671963691711,
            "normalized_acc/test/RenderedSST2": 1.0461164712905884
        }
    ],
    "avg": [
        {
            "acc/test/avg": 0.8167707622051239,
            "normalized_acc/test/avg": 1.0075685679912567
        }
    ]
}