{
    "RESISC45": [
        {
            "acc/test/RESISC45": 0.8671428561210632,
            "loss/test/RESISC45": 0.45938554406166077,
            "normalized_acc/test/RESISC45": 0.9098933935165405
        }
    ],
    "MNIST": [
        {
            "acc/test/MNIST": 0.9926999807357788,
            "loss/test/MNIST": 0.036610815674066544,
            "normalized_acc/test/MNIST": 0.9981900453567505
        }
    ],
    "avg": [
        {
            "acc/test/avg": 0.929921418428421,
            "normalized_acc/test/avg": 0.9540417194366455
        }
    ]
}