{
    "GTSRB": [
        {
            "acc/test/GTSRB": 0.922723650932312,
            "loss/test/GTSRB": 0.29750749468803406,
            "normalized_acc/test/GTSRB": 0.9326930642127991
        }
    ],
    "EMNIST": [
        {
            "acc/test/EMNIST": 0.9866999983787537,
            "loss/test/EMNIST": 0.05924291908740997,
            "normalized_acc/test/EMNIST": 0.9921568632125854
        }
    ],
    "avg": [
        {
            "acc/test/avg": 0.9547118246555328,
            "normalized_acc/test/avg": 0.9624249637126923
        }
    ]
}