{
    "PCAM": [
        {
            "acc/test/PCAM": 0.85333251953125,
            "loss/test/PCAM": 0.3268106281757355,
            "normalized_acc/test/PCAM": 0.9892450571060181
        }
    ],
    "EMNIST": [
        {
            "acc/test/EMNIST": 0.9864000082015991,
            "loss/test/EMNIST": 0.1018296480178833,
            "normalized_acc/test/EMNIST": 0.9918552041053772
        }
    ],
    "avg": [
        {
            "acc/test/avg": 0.9198662638664246,
            "normalized_acc/test/avg": 0.9905501306056976
        }
    ]
}