{
    "SUN397": [
        {
            "acc/test/SUN397": 0.6968262195587158,
            "loss/test/SUN397": 1.0796805620193481,
            "normalized_acc/test/SUN397": 0.9306331276893616
        }
    ],
    "SVHN": [
        {
            "acc/test/SVHN": 0.9538260698318481,
            "loss/test/SVHN": 0.1792251467704773,
            "normalized_acc/test/SVHN": 0.9867270588874817
        }
    ],
    "avg": [
        {
            "acc/test/avg": 0.825326144695282,
            "normalized_acc/test/avg": 0.9586800932884216
        }
    ]
}