{
    "MNIST": [
        {
            "acc/test/MNIST": 0.9919999837875366,
            "loss/test/MNIST": 0.03784170374274254,
            "normalized_acc/test/MNIST": 0.9974861741065979
        }
    ],
    "FER2013": [
        {
            "acc/test/FER2013": 0.6606296896934509,
            "loss/test/FER2013": 1.0648047924041748,
            "normalized_acc/test/FER2013": 0.9267148375511169
        }
    ],
    "avg": [
        {
            "acc/test/avg": 0.8263148367404938,
            "normalized_acc/test/avg": 0.9621005058288574
        }
    ]
}