{
    "PCAM": [
        {
            "acc/test/PCAM": 0.8553466796875,
            "loss/test/PCAM": 0.32505637407302856,
            "normalized_acc/test/PCAM": 0.9915800094604492
        }
    ],
    "FER2013": [
        {
            "acc/test/FER2013": 0.6464196443557739,
            "loss/test/FER2013": 0.9764646291732788,
            "normalized_acc/test/FER2013": 0.9067813158035278
        }
    ],
    "avg": [
        {
            "acc/test/avg": 0.750883162021637,
            "normalized_acc/test/avg": 0.9491806626319885
        }
    ]
}