{
    "MNIST": [
        {
            "acc/test/MNIST": 0.9897000193595886,
            "loss/test/MNIST": 0.06045969948172569,
            "normalized_acc/test/MNIST": 0.9951735138893127
        }
    ],
    "CIFAR10": [
        {
            "acc/test/CIFAR10": 0.9557999968528748,
            "loss/test/CIFAR10": 0.16234534978866577,
            "normalized_acc/test/CIFAR10": 0.9800061583518982
        }
    ],
    "avg": [
        {
            "acc/test/avg": 0.9727500081062317,
            "normalized_acc/test/avg": 0.9875898361206055
        }
    ]
}