{
    "GTSRB": [
        {
            "acc/test/GTSRB": 0.9334917068481445,
            "loss/test/GTSRB": 0.2662319540977478,
            "normalized_acc/test/GTSRB": 0.9435774683952332
        }
    ],
    "KMNIST": [
        {
            "acc/test/KMNIST": 0.9276999831199646,
            "loss/test/KMNIST": 0.4185008406639099,
            "normalized_acc/test/KMNIST": 0.9453785419464111
        }
    ],
    "avg": [
        {
            "acc/test/avg": 0.9305958449840546,
            "normalized_acc/test/avg": 0.9444780051708221
        }
    ]
}