{
    "Cars": [
        {
            "acc/test/Cars": 0.7252829074859619,
            "loss/test/Cars": 0.890242338180542,
            "normalized_acc/test/Cars": 0.9086942672729492
        }
    ],
    "EMNIST": [
        {
            "acc/test/EMNIST": 0.9905999898910522,
            "loss/test/EMNIST": 0.04713360592722893,
            "normalized_acc/test/EMNIST": 0.9960784316062927
        }
    ],
    "avg": [
        {
            "acc/test/avg": 0.8579414486885071,
            "normalized_acc/test/avg": 0.952386349439621
        }
    ]
}