{
    "Cars": [
        {
            "acc/test/Cars": 0.7614724636077881,
            "loss/test/Cars": 0.7478545904159546,
            "normalized_acc/test/Cars": 0.9540355801582336
        }
    ],
    "Flowers102": [
        {
            "acc/test/Flowers102": 0.7983412146568298,
            "loss/test/Flowers102": 0.9320328831672668,
            "normalized_acc/test/Flowers102": 0.8883460164070129
        }
    ],
    "avg": [
        {
            "acc/test/avg": 0.779906839132309,
            "normalized_acc/test/avg": 0.9211907982826233
        }
    ]
}