{
    "SUN397": [
        {
            "acc/test/SUN397": 0.7042317390441895,
            "loss/test/SUN397": 1.0450680255889893,
            "normalized_acc/test/SUN397": 0.9405234456062317
        }
    ],
    "FashionMNIST": [
        {
            "acc/test/FashionMNIST": 0.9204999804496765,
            "loss/test/FashionMNIST": 0.24746796488761902,
            "normalized_acc/test/FashionMNIST": 0.9775912761688232
        }
    ],
    "avg": [
        {
            "acc/test/avg": 0.812365859746933,
            "normalized_acc/test/avg": 0.9590573608875275
        }
    ]
}