{
    "DTD": [
        {
            "acc/test/DTD": 0.6627659797668457,
            "loss/test/DTD": 1.2511430978775024,
            "normalized_acc/test/DTD": 0.8476190567016602
        }
    ],
    "KMNIST": [
        {
            "acc/test/KMNIST": 0.9226999878883362,
            "loss/test/KMNIST": 0.41209810972213745,
            "normalized_acc/test/KMNIST": 0.9402832984924316
        }
    ],
    "avg": [
        {
            "acc/test/avg": 0.7927329838275909,
            "normalized_acc/test/avg": 0.8939511775970459
        }
    ]
}