{
    "OxfordIIITPet": [
        {
            "acc/test/OxfordIIITPet": 0.8923412561416626,
            "loss/test/OxfordIIITPet": 0.3260907530784607,
            "normalized_acc/test/OxfordIIITPet": 0.9626580476760864
        }
    ],
    "FashionMNIST": [
        {
            "acc/test/FashionMNIST": 0.9180999994277954,
            "loss/test/FashionMNIST": 0.2450256049633026,
            "normalized_acc/test/FashionMNIST": 0.975042462348938
        }
    ],
    "avg": [
        {
            "acc/test/avg": 0.905220627784729,
            "normalized_acc/test/avg": 0.9688502550125122
        }
    ]
}