{
    "MNIST": [
        {
            "acc/test/MNIST": 0.9868999719619751,
            "loss/test/MNIST": 0.0637306496500969,
            "normalized_acc/test/MNIST": 0.9923579692840576
        }
    ],
    "FashionMNIST": [
        {
            "acc/test/FashionMNIST": 0.8924000263214111,
            "loss/test/FashionMNIST": 0.3170683979988098,
            "normalized_acc/test/FashionMNIST": 0.9477485418319702
        }
    ],
    "avg": [
        {
            "acc/test/avg": 0.9396499991416931,
            "normalized_acc/test/avg": 0.9700532555580139
        }
    ]
}