{
    "OxfordIIITPet": [
        {
            "acc/test/OxfordIIITPet": 0.8528209328651428,
            "loss/test/OxfordIIITPet": 0.45991748571395874,
            "normalized_acc/test/OxfordIIITPet": 0.920023500919342
        }
    ],
    "CIFAR10": [
        {
            "acc/test/CIFAR10": 0.974399983882904,
            "loss/test/CIFAR10": 0.09559077769517899,
            "normalized_acc/test/CIFAR10": 0.9990772008895874
        }
    ],
    "avg": [
        {
            "acc/test/avg": 0.9136104583740234,
            "normalized_acc/test/avg": 0.9595503509044647
        }
    ]
}