{
    "SUN397": [
        {
            "acc/test/SUN397": 0.7072040438652039,
            "loss/test/SUN397": 1.0511466264724731,
            "normalized_acc/test/SUN397": 0.9444929957389832
        }
    ],
    "EMNIST": [
        {
            "acc/test/EMNIST": 0.9922000169754028,
            "loss/test/EMNIST": 0.03998137265443802,
            "normalized_acc/test/EMNIST": 0.9976873397827148
        }
    ],
    "avg": [
        {
            "acc/test/avg": 0.8497020304203033,
            "normalized_acc/test/avg": 0.971090167760849
        }
    ]
}