{
    "SVHN": [
        {
            "acc/test/SVHN": 0.9351951479911804,
            "loss/test/SVHN": 0.23968330025672913,
            "normalized_acc/test/SVHN": 0.9674534797668457
        }
    ],
    "EMNIST": [
        {
            "acc/test/EMNIST": 0.9905999898910522,
            "loss/test/EMNIST": 0.03669309243559837,
            "normalized_acc/test/EMNIST": 0.9960784316062927
        }
    ],
    "avg": [
        {
            "acc/test/avg": 0.9628975689411163,
            "normalized_acc/test/avg": 0.9817659556865692
        }
    ]
}