{
    "STL10": [
        {
            "acc/test/STL10": 0.9797499775886536,
            "loss/test/STL10": 0.06110713630914688,
            "normalized_acc/test/STL10": 1.0043567419052124
        }
    ],
    "Food101": [
        {
            "acc/test/Food101": 0.8744158148765564,
            "loss/test/Food101": 0.4650235176086426,
            "normalized_acc/test/Food101": 1.0163413286209106
        }
    ],
    "avg": [
        {
            "acc/test/avg": 0.927082896232605,
            "normalized_acc/test/avg": 1.0103490352630615
        }
    ]
}