{
    "SUN397": [
        {
            "acc/test/SUN397": 0.7258942127227783,
            "loss/test/SUN397": 1.0114353895187378,
            "normalized_acc/test/SUN397": 0.9694543480873108
        }
    ],
    "Cars": [
        {
            "acc/test/Cars": 0.7533888816833496,
            "loss/test/Cars": 0.8012666702270508,
            "normalized_acc/test/Cars": 0.9439077973365784
        }
    ],
    "avg": [
        {
            "acc/test/avg": 0.739641547203064,
            "normalized_acc/test/avg": 0.9566810727119446
        }
    ]
}