{
    "SVHN": [
        {
            "acc/test/SVHN": 0.9541333913803101,
            "loss/test/SVHN": 0.1755957007408142,
            "normalized_acc/test/SVHN": 0.9870449900627136
        }
    ],
    "DTD": [
        {
            "acc/test/DTD": 0.6489361524581909,
            "loss/test/DTD": 1.3067996501922607,
            "normalized_acc/test/DTD": 0.8299319744110107
        }
    ],
    "avg": [
        {
            "acc/test/avg": 0.8015347719192505,
            "normalized_acc/test/avg": 0.9084884822368622
        }
    ]
}