{
    "SUN397": [
        {
            "acc/test/SUN397": 0.7340553998947144,
            "loss/test/SUN397": 0.9620212912559509,
            "normalized_acc/test/SUN397": 0.980353832244873
        }
    ],
    "OxfordIIITPet": [
        {
            "acc/test/OxfordIIITPet": 0.918506383895874,
            "loss/test/OxfordIIITPet": 0.2746956944465637,
            "normalized_acc/test/OxfordIIITPet": 0.9908850193023682
        }
    ],
    "avg": [
        {
            "acc/test/avg": 0.8262808918952942,
            "normalized_acc/test/avg": 0.9856194257736206
        }
    ]
}