{
    "GTSRB": [
        {
            "acc/test/GTSRB": 0.958748996257782,
            "loss/test/GTSRB": 0.17419829964637756,
            "normalized_acc/test/GTSRB": 0.9691076278686523
        }
    ],
    "STL10": [
        {
            "acc/test/STL10": 0.9753749966621399,
            "loss/test/STL10": 0.07880600541830063,
            "normalized_acc/test/STL10": 0.9998718500137329
        }
    ],
    "avg": [
        {
            "acc/test/avg": 0.9670619964599609,
            "normalized_acc/test/avg": 0.9844897389411926
        }
    ]
}