{
    "Flowers102": [
        {
            "acc/test/Flowers102": 0.7584972977638245,
            "loss/test/Flowers102": 1.0280405282974243,
            "normalized_acc/test/Flowers102": 0.8440101146697998
        }
    ],
    "KMNIST": [
        {
            "acc/test/KMNIST": 0.9067999720573425,
            "loss/test/KMNIST": 0.5012675523757935,
            "normalized_acc/test/KMNIST": 0.9240802526473999
        }
    ],
    "avg": [
        {
            "acc/test/avg": 0.8326486349105835,
            "normalized_acc/test/avg": 0.8840451836585999
        }
    ]
}