{
    "EuroSAT": [
        {
            "acc/test/EuroSAT": 0.984074056148529,
            "loss/test/EuroSAT": 0.05747842788696289,
            "normalized_acc/test/EuroSAT": 0.9914178848266602
        }
    ],
    "RenderedSST2": [
        {
            "acc/test/RenderedSST2": 0.7023613452911377,
            "loss/test/RenderedSST2": 0.6423854827880859,
            "normalized_acc/test/RenderedSST2": 1.0347896814346313
        }
    ],
    "avg": [
        {
            "acc/test/avg": 0.8432177007198334,
            "normalized_acc/test/avg": 1.0131037831306458
        }
    ]
}