{
    "Cars": [
        {
            "acc/test/Cars": 0.717074990272522,
            "loss/test/Cars": 0.9096113443374634,
            "normalized_acc/test/Cars": 0.8984107375144958
        }
    ],
    "MNIST": [
        {
            "acc/test/MNIST": 0.993399977684021,
            "loss/test/MNIST": 0.03488905727863312,
            "normalized_acc/test/MNIST": 0.9988939166069031
        }
    ],
    "avg": [
        {
            "acc/test/avg": 0.8552374839782715,
            "normalized_acc/test/avg": 0.9486523270606995
        }
    ]
}