{
    "Cars": [
        {
            "acc/test/Cars": 0.7480412721633911,
            "loss/test/Cars": 0.8163939714431763,
            "normalized_acc/test/Cars": 0.937207818031311
        }
    ],
    "GTSRB": [
        {
            "acc/test/GTSRB": 0.9616785645484924,
            "loss/test/GTSRB": 0.16066454350948334,
            "normalized_acc/test/GTSRB": 0.9720688462257385
        }
    ],
    "avg": [
        {
            "acc/test/avg": 0.8548599183559418,
            "normalized_acc/test/avg": 0.9546383321285248
        }
    ]
}