{
    "GTSRB": [
        {
            "acc/test/GTSRB": 0.971417248249054,
            "loss/test/GTSRB": 0.12949469685554504,
            "normalized_acc/test/GTSRB": 0.9819127321243286
        }
    ],
    "Flowers102": [
        {
            "acc/test/Flowers102": 0.7750853896141052,
            "loss/test/Flowers102": 0.9996875524520874,
            "normalized_acc/test/Flowers102": 0.8624683618545532
        }
    ],
    "avg": [
        {
            "acc/test/avg": 0.8732513189315796,
            "normalized_acc/test/avg": 0.9221905469894409
        }
    ]
}