{
    "RESISC45": [
        {
            "acc/test/RESISC45": 0.915238082408905,
            "loss/test/RESISC45": 0.2753978967666626,
            "normalized_acc/test/RESISC45": 0.9603597521781921
        }
    ],
    "Food101": [
        {
            "acc/test/Food101": 0.8725940585136414,
            "loss/test/Food101": 0.4932524859905243,
            "normalized_acc/test/Food101": 1.0142239332199097
        }
    ],
    "avg": [
        {
            "acc/test/avg": 0.8939160704612732,
            "normalized_acc/test/avg": 0.9872918426990509
        }
    ]
}