{
    "Cars": [
        {
            "acc/test/Cars": 0.7183186411857605,
            "loss/test/Cars": 0.9043419361114502,
            "normalized_acc/test/Cars": 0.8999688625335693
        }
    ],
    "SVHN": [
        {
            "acc/test/SVHN": 0.9482175707817078,
            "loss/test/SVHN": 0.20175528526306152,
            "normalized_acc/test/SVHN": 0.9809250831604004
        }
    ],
    "avg": [
        {
            "acc/test/avg": 0.8332681059837341,
            "normalized_acc/test/avg": 0.9404469728469849
        }
    ]
}