{
    "DTD": [
        {
            "acc/test/DTD": 0.7053191661834717,
            "loss/test/DTD": 1.110460877418518,
            "normalized_acc/test/DTD": 0.9020408391952515
        }
    ],
    "OxfordIIITPet": [
        {
            "acc/test/OxfordIIITPet": 0.9174162149429321,
            "loss/test/OxfordIIITPet": 0.28024396300315857,
            "normalized_acc/test/OxfordIIITPet": 0.9897089004516602
        }
    ],
    "avg": [
        {
            "acc/test/avg": 0.8113676905632019,
            "normalized_acc/test/avg": 0.9458748698234558
        }
    ]
}