{
    "Cars": [
        {
            "acc/test/Cars": 0.7561248540878296,
            "loss/test/Cars": 0.766516387462616,
            "normalized_acc/test/Cars": 0.9473356008529663
        }
    ],
    "EuroSAT": [
        {
            "acc/test/EuroSAT": 0.9844444394111633,
            "loss/test/EuroSAT": 0.0554172582924366,
            "normalized_acc/test/EuroSAT": 0.9917910695075989
        }
    ],
    "avg": [
        {
            "acc/test/avg": 0.8702846467494965,
            "normalized_acc/test/avg": 0.9695633351802826
        }
    ]
}