{
    "MNIST": [
        {
            "acc/test/MNIST": 0.993399977684021,
            "loss/test/MNIST": 0.03372243046760559,
            "normalized_acc/test/MNIST": 0.9988939166069031
        }
    ],
    "OxfordIIITPet": [
        {
            "acc/test/OxfordIIITPet": 0.8991550803184509,
            "loss/test/OxfordIIITPet": 0.3408655524253845,
            "normalized_acc/test/OxfordIIITPet": 0.9700087904930115
        }
    ],
    "avg": [
        {
            "acc/test/avg": 0.946277529001236,
            "normalized_acc/test/avg": 0.9844513535499573
        }
    ]
}