{
    "SUN397": [
        {
            "acc/test/SUN397": 0.7238790988922119,
            "loss/test/SUN397": 1.0389405488967896,
            "normalized_acc/test/SUN397": 0.9667630791664124
        }
    ],
    "RESISC45": [
        {
            "acc/test/RESISC45": 0.9147619009017944,
            "loss/test/RESISC45": 0.29357677698135376,
            "normalized_acc/test/RESISC45": 0.95986008644104
        }
    ],
    "avg": [
        {
            "acc/test/avg": 0.8193204998970032,
            "normalized_acc/test/avg": 0.9633115828037262
        }
    ]
}