{
    "MNIST": [
        {
            "acc/test/MNIST": 0.9919999837875366,
            "loss/test/MNIST": 0.037310440093278885,
            "normalized_acc/test/MNIST": 0.9974861741065979
        }
    ],
    "Food101": [
        {
            "acc/test/Food101": 0.8409109115600586,
            "loss/test/Food101": 0.6186567544937134,
            "normalized_acc/test/Food101": 0.9773982763290405
        }
    ],
    "avg": [
        {
            "acc/test/avg": 0.9164554476737976,
            "normalized_acc/test/avg": 0.9874422252178192
        }
    ]
}