{
    "STL10": [
        {
            "acc/test/STL10": 0.9700000286102295,
            "loss/test/STL10": 0.09772851318120956,
            "normalized_acc/test/STL10": 0.994361937046051
        }
    ],
    "KMNIST": [
        {
            "acc/test/KMNIST": 0.8968999981880188,
            "loss/test/KMNIST": 0.5945648550987244,
            "normalized_acc/test/KMNIST": 0.9139916300773621
        }
    ],
    "avg": [
        {
            "acc/test/avg": 0.9334500133991241,
            "normalized_acc/test/avg": 0.9541767835617065
        }
    ]
}