{
    "SVHN": [
        {
            "acc/test/SVHN": 0.9439535737037659,
            "loss/test/SVHN": 0.2139941304922104,
            "normalized_acc/test/SVHN": 0.9765140414237976
        }
    ],
    "CIFAR100": [
        {
            "acc/test/CIFAR100": 0.7838000059127808,
            "loss/test/CIFAR100": 0.813730001449585,
            "normalized_acc/test/CIFAR100": 0.9013339281082153
        }
    ],
    "avg": [
        {
            "acc/test/avg": 0.8638767898082733,
            "normalized_acc/test/avg": 0.9389239847660065
        }
    ]
}