{
    "Cars": [
        {
            "acc/test/Cars": 0.7066285014152527,
            "loss/test/Cars": 0.9188634753227234,
            "normalized_acc/test/Cars": 0.8853225111961365
        }
    ],
    "PCAM": [
        {
            "acc/test/PCAM": 0.85968017578125,
            "loss/test/PCAM": 0.311421662569046,
            "normalized_acc/test/PCAM": 0.9966036677360535
        }
    ],
    "avg": [
        {
            "acc/test/avg": 0.7831543385982513,
            "normalized_acc/test/avg": 0.940963089466095
        }
    ]
}