{
    "CIFAR10": [
        {
            "acc/test/CIFAR10": 0.9735999703407288,
            "loss/test/CIFAR10": 0.09728376567363739,
            "normalized_acc/test/CIFAR10": 0.9982569217681885
        }
    ],
    "RenderedSST2": [
        {
            "acc/test/RenderedSST2": 0.6902800798416138,
            "loss/test/RenderedSST2": 0.6133010387420654,
            "normalized_acc/test/RenderedSST2": 1.016990303993225
        }
    ],
    "avg": [
        {
            "acc/test/avg": 0.8319400250911713,
            "normalized_acc/test/avg": 1.0076236128807068
        }
    ]
}