{
    "MNIST": [
        {
            "acc/test/MNIST": 0.9911999702453613,
            "loss/test/MNIST": 0.04356791079044342,
            "normalized_acc/test/MNIST": 0.9966817498207092
        }
    ],
    "CIFAR100": [
        {
            "acc/test/CIFAR100": 0.7879999876022339,
            "loss/test/CIFAR100": 0.8435124158859253,
            "normalized_acc/test/CIFAR100": 0.90616375207901
        }
    ],
    "avg": [
        {
            "acc/test/avg": 0.8895999789237976,
            "normalized_acc/test/avg": 0.9514227509498596
        }
    ]
}