{
    "SVHN": [
        {
            "acc/test/SVHN": 0.9280884861946106,
            "loss/test/SVHN": 0.2601686716079712,
            "normalized_acc/test/SVHN": 0.9601016640663147
        }
    ],
    "KMNIST": [
        {
            "acc/test/KMNIST": 0.8628000020980835,
            "loss/test/KMNIST": 0.8330501914024353,
            "normalized_acc/test/KMNIST": 0.8792418241500854
        }
    ],
    "avg": [
        {
            "acc/test/avg": 0.895444244146347,
            "normalized_acc/test/avg": 0.9196717441082001
        }
    ]
}