{
    "Flowers102": [
        {
            "acc/test/Flowers102": 0.7329646944999695,
            "loss/test/Flowers102": 1.3034498691558838,
            "normalized_acc/test/Flowers102": 0.8155989646911621
        }
    ],
    "CIFAR100": [
        {
            "acc/test/CIFAR100": 0.8522999882698059,
            "loss/test/CIFAR100": 0.5845755934715271,
            "normalized_acc/test/CIFAR100": 0.9801057577133179
        }
    ],
    "avg": [
        {
            "acc/test/avg": 0.7926323413848877,
            "normalized_acc/test/avg": 0.89785236120224
        }
    ]
}