{
    "SUN397": [
        {
            "acc/test/SUN397": 0.7067506313323975,
            "loss/test/SUN397": 1.061769962310791,
            "normalized_acc/test/SUN397": 0.94388747215271
        }
    ],
    "KMNIST": [
        {
            "acc/test/KMNIST": 0.9211000204086304,
            "loss/test/KMNIST": 0.4294276237487793,
            "normalized_acc/test/KMNIST": 0.9386528134346008
        }
    ],
    "avg": [
        {
            "acc/test/avg": 0.8139253258705139,
            "normalized_acc/test/avg": 0.9412701427936554
        }
    ]
}