{
    "SUN397": [
        {
            "acc/test/SUN397": 0.7357682585716248,
            "loss/test/SUN397": 0.9547291994094849,
            "normalized_acc/test/SUN397": 0.9826413989067078
        }
    ],
    "Flowers102": [
        {
            "acc/test/Flowers102": 0.82501220703125,
            "loss/test/Flowers102": 0.8068673610687256,
            "normalized_acc/test/Flowers102": 0.9180238842964172
        }
    ],
    "avg": [
        {
            "acc/test/avg": 0.7803902328014374,
            "normalized_acc/test/avg": 0.9503326416015625
        }
    ]
}