{
    "Cars": [
        {
            "acc/test/Cars": 0.7587364912033081,
            "loss/test/Cars": 0.7746304273605347,
            "normalized_acc/test/Cars": 0.9506077170372009
        }
    ],
    "DTD": [
        {
            "acc/test/DTD": 0.699999988079071,
            "loss/test/DTD": 1.144172191619873,
            "normalized_acc/test/DTD": 0.8952381014823914
        }
    ],
    "avg": [
        {
            "acc/test/avg": 0.7293682396411896,
            "normalized_acc/test/avg": 0.9229229092597961
        }
    ]
}