{
    "GTSRB": [
        {
            "acc/test/GTSRB": 0.9601742029190063,
            "loss/test/GTSRB": 0.16879145801067352,
            "normalized_acc/test/GTSRB": 0.9705482125282288
        }
    ],
    "Food101": [
        {
            "acc/test/Food101": 0.8620594143867493,
            "loss/test/Food101": 0.5329261422157288,
            "normalized_acc/test/Food101": 1.0019793510437012
        }
    ],
    "avg": [
        {
            "acc/test/avg": 0.9111168086528778,
            "normalized_acc/test/avg": 0.986263781785965
        }
    ]
}