{
    "EMNIST": [
        {
            "acc/test/EMNIST": 0.9840999841690063,
            "loss/test/EMNIST": 0.07956647872924805,
            "normalized_acc/test/EMNIST": 0.9895424842834473
        }
    ],
    "KMNIST": [
        {
            "acc/test/KMNIST": 0.8070999979972839,
            "loss/test/KMNIST": 0.8500572443008423,
            "normalized_acc/test/KMNIST": 0.8224803805351257
        }
    ],
    "avg": [
        {
            "acc/test/avg": 0.8955999910831451,
            "normalized_acc/test/avg": 0.9060114324092865
        }
    ]
}