{
    "FashionMNIST": [
        {
            "acc/test/FashionMNIST": 0.9118000268936157,
            "loss/test/FashionMNIST": 0.2660902142524719,
            "normalized_acc/test/FashionMNIST": 0.9683517217636108
        }
    ],
    "KMNIST": [
        {
            "acc/test/KMNIST": 0.8489000201225281,
            "loss/test/KMNIST": 0.8588059544563293,
            "normalized_acc/test/KMNIST": 0.8650769591331482
        }
    ],
    "avg": [
        {
            "acc/test/avg": 0.8803500235080719,
            "normalized_acc/test/avg": 0.9167143404483795
        }
    ]
}