{
    "EuroSAT": [
        {
            "acc/test/EuroSAT": 0.9492592811584473,
            "loss/test/EuroSAT": 0.17712123692035675,
            "normalized_acc/test/EuroSAT": 0.9563433527946472
        }
    ],
    "KMNIST": [
        {
            "acc/test/KMNIST": 0.8621000051498413,
            "loss/test/KMNIST": 0.6864070892333984,
            "normalized_acc/test/KMNIST": 0.8785284757614136
        }
    ],
    "avg": [
        {
            "acc/test/avg": 0.9056796431541443,
            "normalized_acc/test/avg": 0.9174359142780304
        }
    ]
}