{
    "CIFAR100": [
        {
            "acc/test/CIFAR100": 0.7875000238418579,
            "loss/test/CIFAR100": 0.8080658912658691,
            "normalized_acc/test/CIFAR100": 0.9055888056755066
        }
    ],
    "FashionMNIST": [
        {
            "acc/test/FashionMNIST": 0.9212999939918518,
            "loss/test/FashionMNIST": 0.2516844868659973,
            "normalized_acc/test/FashionMNIST": 0.9784409403800964
        }
    ],
    "avg": [
        {
            "acc/test/avg": 0.8544000089168549,
            "normalized_acc/test/avg": 0.9420148730278015
        }
    ]
}