{
    "SVHN": [
        {
            "acc/test/SVHN": 0.9494468569755554,
            "loss/test/SVHN": 0.20400075614452362,
            "normalized_acc/test/SVHN": 0.9821968078613281
        }
    ],
    "STL10": [
        {
            "acc/test/STL10": 0.9667500257492065,
            "loss/test/STL10": 0.10262048989534378,
            "normalized_acc/test/STL10": 0.9910302758216858
        }
    ],
    "avg": [
        {
            "acc/test/avg": 0.958098441362381,
            "normalized_acc/test/avg": 0.986613541841507
        }
    ]
}