{
    "MNIST": [
        {
            "acc/test/MNIST": 0.9927999973297119,
            "loss/test/MNIST": 0.03749442473053932,
            "normalized_acc/test/MNIST": 0.9982905983924866
        }
    ],
    "STL10": [
        {
            "acc/test/STL10": 0.972000002861023,
            "loss/test/STL10": 0.08691269904375076,
            "normalized_acc/test/STL10": 0.9964120984077454
        }
    ],
    "avg": [
        {
            "acc/test/avg": 0.9824000000953674,
            "normalized_acc/test/avg": 0.997351348400116
        }
    ]
}