{
    "Flowers102": [
        {
            "acc/test/Flowers102": 0.8041958212852478,
            "loss/test/Flowers102": 0.8098905086517334,
            "normalized_acc/test/Flowers102": 0.8948606848716736
        }
    ],
    "RenderedSST2": [
        {
            "acc/test/RenderedSST2": 0.7199341058731079,
            "loss/test/RenderedSST2": 0.6893401741981506,
            "normalized_acc/test/RenderedSST2": 1.06067955493927
        }
    ],
    "avg": [
        {
            "acc/test/avg": 0.7620649635791779,
            "normalized_acc/test/avg": 0.9777701199054718
        }
    ]
}