{
    "SVHN": [
        {
            "acc/test/SVHN": 0.9322372674942017,
            "loss/test/SVHN": 0.289139986038208,
            "normalized_acc/test/SVHN": 0.9643935561180115
        }
    ],
    "CIFAR10": [
        {
            "acc/test/CIFAR10": 0.9599000215530396,
            "loss/test/CIFAR10": 0.1411409229040146,
            "normalized_acc/test/CIFAR10": 0.9842100143432617
        }
    ],
    "avg": [
        {
            "acc/test/avg": 0.9460686445236206,
            "normalized_acc/test/avg": 0.9743017852306366
        }
    ]
}