{
    "SUN397": [
        {
            "acc/test/SUN397": 0.7033753395080566,
            "loss/test/SUN397": 1.1304222345352173,
            "normalized_acc/test/SUN397": 0.9393796920776367
        }
    ],
    "CIFAR100": [
        {
            "acc/test/CIFAR100": 0.8420000076293945,
            "loss/test/CIFAR100": 0.6391960978507996,
            "normalized_acc/test/CIFAR100": 0.9682613015174866
        }
    ],
    "avg": [
        {
            "acc/test/avg": 0.7726876735687256,
            "normalized_acc/test/avg": 0.9538204967975616
        }
    ]
}