{
    "OxfordIIITPet": [
        {
            "acc/test/OxfordIIITPet": 0.902698278427124,
            "loss/test/OxfordIIITPet": 0.3153262734413147,
            "normalized_acc/test/OxfordIIITPet": 0.9738312363624573
        }
    ],
    "EMNIST": [
        {
            "acc/test/EMNIST": 0.9918000102043152,
            "loss/test/EMNIST": 0.042834341526031494,
            "normalized_acc/test/EMNIST": 0.9972850680351257
        }
    ],
    "avg": [
        {
            "acc/test/avg": 0.9472491443157196,
            "normalized_acc/test/avg": 0.9855581521987915
        }
    ]
}