{
    "SVHN": [
        {
            "acc/test/SVHN": 0.9275891184806824,
            "loss/test/SVHN": 0.351281076669693,
            "normalized_acc/test/SVHN": 0.9595850706100464
        }
    ],
    "PCAM": [
        {
            "acc/test/PCAM": 0.77435302734375,
            "loss/test/PCAM": 0.46510031819343567,
            "normalized_acc/test/PCAM": 0.897686243057251
        }
    ],
    "avg": [
        {
            "acc/test/avg": 0.8509710729122162,
            "normalized_acc/test/avg": 0.9286356568336487
        }
    ]
}