{
    "Cars": [
        {
            "acc/test/Cars": 0.7221738696098328,
            "loss/test/Cars": 0.8827105760574341,
            "normalized_acc/test/Cars": 0.9047990441322327
        }
    ],
    "FashionMNIST": [
        {
            "acc/test/FashionMNIST": 0.917900025844574,
            "loss/test/FashionMNIST": 0.2438095510005951,
            "normalized_acc/test/FashionMNIST": 0.9748300909996033
        }
    ],
    "avg": [
        {
            "acc/test/avg": 0.8200369477272034,
            "normalized_acc/test/avg": 0.939814567565918
        }
    ]
}