{
    "STL10": [
        {
            "acc/test/STL10": 0.9660000205039978,
            "loss/test/STL10": 0.11721376329660416,
            "normalized_acc/test/STL10": 0.990261435508728
        }
    ],
    "FashionMNIST": [
        {
            "acc/test/FashionMNIST": 0.9140999913215637,
            "loss/test/FashionMNIST": 0.2531893253326416,
            "normalized_acc/test/FashionMNIST": 0.9707943797111511
        }
    ],
    "avg": [
        {
            "acc/test/avg": 0.9400500059127808,
            "normalized_acc/test/avg": 0.9805279076099396
        }
    ]
}