{
    "GTSRB": [
        {
            "acc/test/GTSRB": 0.9486144185066223,
            "loss/test/GTSRB": 0.2281714826822281,
            "normalized_acc/test/GTSRB": 0.9588635563850403
        }
    ],
    "FashionMNIST": [
        {
            "acc/test/FashionMNIST": 0.9086999893188477,
            "loss/test/FashionMNIST": 0.27423033118247986,
            "normalized_acc/test/FashionMNIST": 0.9650594592094421
        }
    ],
    "avg": [
        {
            "acc/test/avg": 0.928657203912735,
            "normalized_acc/test/avg": 0.9619615077972412
        }
    ]
}