{
    "FashionMNIST": [
        {
            "acc/test/FashionMNIST": 0.9016000032424927,
            "loss/test/FashionMNIST": 0.30217549204826355,
            "normalized_acc/test/FashionMNIST": 0.9575191140174866
        }
    ],
    "EMNIST": [
        {
            "acc/test/EMNIST": 0.9830999970436096,
            "loss/test/EMNIST": 0.10505222529172897,
            "normalized_acc/test/EMNIST": 0.9885369539260864
        }
    ],
    "avg": [
        {
            "acc/test/avg": 0.9423500001430511,
            "normalized_acc/test/avg": 0.9730280339717865
        }
    ]
}