{
    "SUN397": [
        {
            "acc/test/SUN397": 0.7215617299079895,
            "loss/test/SUN397": 1.004976511001587,
            "normalized_acc/test/SUN397": 0.963668167591095
        }
    ],
    "FER2013": [
        {
            "acc/test/FER2013": 0.6932293176651001,
            "loss/test/FER2013": 1.0245455503463745,
            "normalized_acc/test/FER2013": 0.9724447727203369
        }
    ],
    "avg": [
        {
            "acc/test/avg": 0.7073955237865448,
            "normalized_acc/test/avg": 0.9680564701557159
        }
    ]
}