{
    "EuroSAT": [
        {
            "acc/test/EuroSAT": 0.9818518757820129,
            "loss/test/EuroSAT": 0.06024162471294403,
            "normalized_acc/test/EuroSAT": 0.9891791343688965
        }
    ],
    "FER2013": [
        {
            "acc/test/FER2013": 0.6848704218864441,
            "loss/test/FER2013": 0.9631931781768799,
            "normalized_acc/test/FER2013": 0.960719108581543
        }
    ],
    "avg": [
        {
            "acc/test/avg": 0.8333611488342285,
            "normalized_acc/test/avg": 0.9749491214752197
        }
    ]
}