{
    "STL10": [
        {
            "acc/test/STL10": 0.9760000109672546,
            "loss/test/STL10": 0.08527061343193054,
            "normalized_acc/test/STL10": 1.0005125999450684
        }
    ],
    "CIFAR100": [
        {
            "acc/test/CIFAR100": 0.8378000259399414,
            "loss/test/CIFAR100": 0.6338073015213013,
            "normalized_acc/test/CIFAR100": 0.9634314775466919
        }
    ],
    "avg": [
        {
            "acc/test/avg": 0.906900018453598,
            "normalized_acc/test/avg": 0.9819720387458801
        }
    ]
}