{
    "FER2013": [
        {
            "acc/test/FER2013": 0.638896644115448,
            "loss/test/FER2013": 1.2249740362167358,
            "normalized_acc/test/FER2013": 0.8962282538414001
        }
    ],
    "KMNIST": [
        {
            "acc/test/KMNIST": 0.907800018787384,
            "loss/test/KMNIST": 0.45707157254219055,
            "normalized_acc/test/KMNIST": 0.9250993728637695
        }
    ],
    "avg": [
        {
            "acc/test/avg": 0.773348331451416,
            "normalized_acc/test/avg": 0.9106638133525848
        }
    ]
}