{
    "DTD": [
        {
            "acc/test/DTD": 0.7069149017333984,
            "loss/test/DTD": 1.150276780128479,
            "normalized_acc/test/DTD": 0.9040816426277161
        }
    ],
    "FER2013": [
        {
            "acc/test/FER2013": 0.6943438053131104,
            "loss/test/FER2013": 1.0339611768722534,
            "normalized_acc/test/FER2013": 0.9740081429481506
        }
    ],
    "avg": [
        {
            "acc/test/avg": 0.7006293535232544,
            "normalized_acc/test/avg": 0.9390448927879333
        }
    ]
}