{
    "SVHN": [
        {
            "acc/test/SVHN": 0.9354256391525269,
            "loss/test/SVHN": 0.2625194787979126,
            "normalized_acc/test/SVHN": 0.9676918983459473
        }
    ],
    "FashionMNIST": [
        {
            "acc/test/FashionMNIST": 0.895799994468689,
            "loss/test/FashionMNIST": 0.2942622900009155,
            "normalized_acc/test/FashionMNIST": 0.9513593316078186
        }
    ],
    "avg": [
        {
            "acc/test/avg": 0.9156128168106079,
            "normalized_acc/test/avg": 0.9595256149768829
        }
    ]
}