{
    "Flowers102": [
        {
            "acc/test/Flowers102": 0.8046836853027344,
            "loss/test/Flowers102": 0.8679344654083252,
            "normalized_acc/test/Flowers102": 0.8954035639762878
        }
    ],
    "STL10": [
        {
            "acc/test/STL10": 0.9852499961853027,
            "loss/test/STL10": 0.04953450337052345,
            "normalized_acc/test/STL10": 1.0099948644638062
        }
    ],
    "avg": [
        {
            "acc/test/avg": 0.8949668407440186,
            "normalized_acc/test/avg": 0.952699214220047
        }
    ]
}