{
    "PCAM": [
        {
            "acc/test/PCAM": 0.830352783203125,
            "loss/test/PCAM": 0.3700624704360962,
            "normalized_acc/test/PCAM": 0.9626052379608154
        }
    ],
    "CIFAR10": [
        {
            "acc/test/CIFAR10": 0.9506999850273132,
            "loss/test/CIFAR10": 0.15917061269283295,
            "normalized_acc/test/CIFAR10": 0.9747769832611084
        }
    ],
    "avg": [
        {
            "acc/test/avg": 0.8905263841152191,
            "normalized_acc/test/avg": 0.9686911106109619
        }
    ]
}