{
    "MNIST": [
        {
            "acc/test/MNIST": 0.9934999942779541,
            "loss/test/MNIST": 0.03242246434092522,
            "normalized_acc/test/MNIST": 0.9989944696426392
        }
    ],
    "Flowers102": [
        {
            "acc/test/Flowers102": 0.7189787030220032,
            "loss/test/Flowers102": 1.17630136013031,
            "normalized_acc/test/Flowers102": 0.8000361919403076
        }
    ],
    "avg": [
        {
            "acc/test/avg": 0.8562393486499786,
            "normalized_acc/test/avg": 0.8995153307914734
        }
    ]
}