{
    "Cars": [
        {
            "acc/test/Cars": 0.7547568678855896,
            "loss/test/Cars": 0.7640485167503357,
            "normalized_acc/test/Cars": 0.9456217288970947
        }
    ],
    "OxfordIIITPet": [
        {
            "acc/test/OxfordIIITPet": 0.906514048576355,
            "loss/test/OxfordIIITPet": 0.3266388177871704,
            "normalized_acc/test/OxfordIIITPet": 0.9779476523399353
        }
    ],
    "avg": [
        {
            "acc/test/avg": 0.8306354582309723,
            "normalized_acc/test/avg": 0.961784690618515
        }
    ]
}