{
    "Cars": [
        {
            "acc/test/Cars": 0.7500311136245728,
            "loss/test/Cars": 0.777711808681488,
            "normalized_acc/test/Cars": 0.9397009015083313
        }
    ],
    "Food101": [
        {
            "acc/test/Food101": 0.873465359210968,
            "loss/test/Food101": 0.48358553647994995,
            "normalized_acc/test/Food101": 1.0152366161346436
        }
    ],
    "avg": [
        {
            "acc/test/avg": 0.8117482364177704,
            "normalized_acc/test/avg": 0.9774687588214874
        }
    ]
}