{
    "EuroSAT": [
        {
            "acc/test/EuroSAT": 0.9048148393630981,
            "loss/test/EuroSAT": 0.3172032833099365,
            "normalized_acc/test/EuroSAT": 0.911567211151123
        }
    ],
    "PCAM": [
        {
            "acc/test/PCAM": 0.865966796875,
            "loss/test/PCAM": 0.3072667121887207,
            "normalized_acc/test/PCAM": 1.0038915872573853
        }
    ],
    "avg": [
        {
            "acc/test/avg": 0.8853908181190491,
            "normalized_acc/test/avg": 0.9577293992042542
        }
    ]
}