{
    "DTD": [
        {
            "acc/test/DTD": 0.6473404169082642,
            "loss/test/DTD": 1.3132686614990234,
            "normalized_acc/test/DTD": 0.8278911709785461
        }
    ],
    "FashionMNIST": [
        {
            "acc/test/FashionMNIST": 0.9187999963760376,
            "loss/test/FashionMNIST": 0.26466813683509827,
            "normalized_acc/test/FashionMNIST": 0.9757858514785767
        }
    ],
    "avg": [
        {
            "acc/test/avg": 0.7830702066421509,
            "normalized_acc/test/avg": 0.9018385112285614
        }
    ]
}