{
    "SUN397": [
        {
            "acc/test/SUN397_epoch": 0.7349118590354919,
            "loss/test/SUN397_epoch": 0.9069867730140686,
            "acc/test/SUN397": 0.7349118590354919,
            "normalized_acc/test/SUN397": 0.9320214986801147
        }
    ],
    "Cars": [
        {
            "acc/test/Cars_epoch": 0.785847544670105,
            "loss/test/Cars_epoch": 0.6392707228660583,
            "acc/test/Cars": 0.785847544670105,
            "normalized_acc/test/Cars": 0.9159298539161682
        }
    ],
    "avg": [
        {
            "acc/test/avg": 0.7603797018527985,
            "normalized_acc/test/avg": 0.9239756762981415
        }
    ]
}