{
    "SUN397": [
        {
            "acc/test/SUN397_epoch": 0.7134509086608887,
            "loss/test/SUN397_epoch": 0.9790533781051636,
            "acc/test/SUN397": 0.7134509086608887,
            "normalized_acc/test/SUN397": 0.904804527759552
        }
    ],
    "DTD": [
        {
            "acc/test/DTD_epoch": 0.5867021083831787,
            "loss/test/DTD_epoch": 1.445280909538269,
            "acc/test/DTD": 0.5867021083831787,
            "normalized_acc/test/DTD": 0.7079588770866394
        }
    ],
    "avg": [
        {
            "acc/test/avg": 0.6500765085220337,
            "normalized_acc/test/avg": 0.8063817024230957
        }
    ]
}