{
    "SUN397": [
        {
            "acc/test/SUN397_epoch": 0.7093198895454407,
            "loss/test/SUN397_epoch": 0.9955872297286987,
            "acc/test/SUN397": 0.7093198895454407,
            "normalized_acc/test/SUN397": 0.899565577507019
        }
    ],
    "OxfordIIITPet": [
        {
            "acc/test/OxfordIIITPet_epoch": 0.9446715712547302,
            "loss/test/OxfordIIITPet_epoch": 0.16917666792869568,
            "acc/test/OxfordIIITPet": 0.9446715712547302,
            "normalized_acc/test/OxfordIIITPet": 0.9939776062965393
        }
    ],
    "avg": [
        {
            "acc/test/avg": 0.8269957304000854,
            "normalized_acc/test/avg": 0.9467715919017792
        }
    ]
}