{
    "SUN397": [
        {
            "acc/test/SUN397_epoch": 0.7163224220275879,
            "loss/test/SUN397_epoch": 0.9703015685081482,
            "acc/test/SUN397": 0.7163224220275879,
            "normalized_acc/test/SUN397": 0.9084462523460388
        }
    ],
    "STL10": [
        {
            "acc/test/STL10_epoch": 0.9901250004768372,
            "loss/test/STL10_epoch": 0.037351563572883606,
            "acc/test/STL10": 0.9901250004768372,
            "normalized_acc/test/STL10": 1.0022776126861572
        }
    ],
    "avg": [
        {
            "acc/test/avg": 0.8532237112522125,
            "normalized_acc/test/avg": 0.955361932516098
        }
    ]
}