{
    "SUN397": [
        {
            "acc/test/SUN397_epoch": 0.7192947268486023,
            "loss/test/SUN397_epoch": 0.9643747210502625,
            "acc/test/SUN397": 0.7192947268486023,
            "normalized_acc/test/SUN397": 0.9122157096862793
        }
    ],
    "MNIST": [
        {
            "acc/test/MNIST_epoch": 0.9416000247001648,
            "loss/test/MNIST_epoch": 0.6015136241912842,
            "acc/test/MNIST": 0.9416000247001648,
            "normalized_acc/test/MNIST": 0.9449071884155273
        }
    ],
    "avg": [
        {
            "acc/test/avg": 0.8304473757743835,
            "normalized_acc/test/avg": 0.9285614490509033
        }
    ]
}