{
    "SUN397": [
        {
            "acc/test/SUN397_epoch": 0.7213602066040039,
            "loss/test/SUN397_epoch": 0.9632748365402222,
            "acc/test/SUN397": 0.7213602066040039,
            "normalized_acc/test/SUN397": 0.9148352146148682
        }
    ],
    "PCAM": [
        {
            "acc/test/PCAM_epoch": 0.81146240234375,
            "loss/test/PCAM_epoch": 0.4319547712802887,
            "acc/test/PCAM": 0.81146240234375,
            "normalized_acc/test/PCAM": 0.914594292640686
        }
    ],
    "avg": [
        {
            "acc/test/avg": 0.766411304473877,
            "normalized_acc/test/avg": 0.9147147536277771
        }
    ]
}