{
    "SUN397": [
        {
            "acc/test/SUN397_epoch": 0.7391939759254456,
            "loss/test/SUN397_epoch": 0.8960304856300354,
            "acc/test/SUN397": 0.7391939759254456,
            "normalized_acc/test/SUN397": 0.9374521374702454
        }
    ],
    "CIFAR100": [
        {
            "acc/test/CIFAR100_epoch": 0.8277000188827515,
            "loss/test/CIFAR100_epoch": 0.6286524534225464,
            "acc/test/CIFAR100": 0.8277000188827515,
            "normalized_acc/test/CIFAR100": 0.9271872043609619
        }
    ],
    "avg": [
        {
            "acc/test/avg": 0.7834469974040985,
            "normalized_acc/test/avg": 0.9323196709156036
        }
    ]
}