{
    "SUN397": [
        {
            "acc/test/SUN397_epoch": 0.7188413143157959,
            "loss/test/SUN397_epoch": 0.9629429578781128,
            "acc/test/SUN397": 0.7188413143157959,
            "normalized_acc/test/SUN397": 0.9116407036781311
        }
    ],
    "GTSRB": [
        {
            "acc/test/GTSRB_epoch": 0.7643705606460571,
            "loss/test/GTSRB_epoch": 0.8875601291656494,
            "acc/test/GTSRB": 0.7643705606460571,
            "normalized_acc/test/GTSRB": 0.7727527618408203
        }
    ],
    "avg": [
        {
            "acc/test/avg": 0.7416059374809265,
            "normalized_acc/test/avg": 0.8421967327594757
        }
    ]
}