{
    "Food101": [
        {
            "acc/test/Food101": 0.8711287379264832,
            "loss/test/Food101": 0.44318026304244995,
            "normalized_acc/test/Food101": 1.012520670890808
        }
    ],
    "RenderedSST2": [
        {
            "acc/test/RenderedSST2": 0.6963207125663757,
            "loss/test/RenderedSST2": 0.5915706753730774,
            "normalized_acc/test/RenderedSST2": 1.0258899927139282
        }
    ],
    "avg": [
        {
            "acc/test/avg": 0.7837247252464294,
            "normalized_acc/test/avg": 1.0192053318023682
        }
    ]
}