{
    "Flowers102": [
        {
            "acc/test/Flowers102": 0.7476012110710144,
            "loss/test/Flowers102": 1.0504990816116333,
            "normalized_acc/test/Flowers102": 0.831885576248169
        }
    ],
    "EMNIST": [
        {
            "acc/test/EMNIST": 0.9728000164031982,
            "loss/test/EMNIST": 0.18038322031497955,
            "normalized_acc/test/EMNIST": 0.9781800508499146
        }
    ],
    "avg": [
        {
            "acc/test/avg": 0.8602006137371063,
            "normalized_acc/test/avg": 0.9050328135490417
        }
    ]
}