{
    "Flowers102": [
        {
            "acc/test/Flowers102": 0.6867783665657043,
            "loss/test/Flowers102": 1.2944625616073608,
            "normalized_acc/test/Flowers102": 0.7642055749893188
        }
    ],
    "PCAM": [
        {
            "acc/test/PCAM": 0.849365234375,
            "loss/test/PCAM": 0.38262712955474854,
            "normalized_acc/test/PCAM": 0.9846458435058594
        }
    ],
    "avg": [
        {
            "acc/test/avg": 0.7680718004703522,
            "normalized_acc/test/avg": 0.8744257092475891
        }
    ]
}