{
    "SUN397": [
        {
            "acc/test/SUN397": 0.695617139339447,
            "loss/test/SUN397": 1.0397948026657104,
            "normalized_acc/test/SUN397": 0.9290183782577515
        }
    ],
    "FashionMNIST": [
        {
            "acc/test/FashionMNIST": 0.8694999814033508,
            "loss/test/FashionMNIST": 0.3844606578350067,
            "normalized_acc/test/FashionMNIST": 0.9234281778335571
        }
    ],
    "avg": [
        {
            "acc/test/avg": 0.7825585603713989,
            "normalized_acc/test/avg": 0.9262232780456543
        }
    ]
}