{
    "SVHN": [
        {
            "acc/test/SVHN": 0.852220356464386,
            "loss/test/SVHN": 0.5757073760032654,
            "normalized_acc/test/SVHN": 0.8816165924072266
        }
    ],
    "STL10": [
        {
            "acc/test/STL10": 0.9776250123977661,
            "loss/test/STL10": 0.07167002558708191,
            "normalized_acc/test/STL10": 1.002178430557251
        }
    ],
    "avg": [
        {
            "acc/test/avg": 0.914922684431076,
            "normalized_acc/test/avg": 0.9418975114822388
        }
    ]
}