{
    "SVHN": [
        {
            "acc/test/SVHN": 0.8444222211837769,
            "loss/test/SVHN": 0.6004688739776611,
            "normalized_acc/test/SVHN": 0.8735494613647461
        }
    ],
    "FashionMNIST": [
        {
            "acc/test/FashionMNIST": 0.8474000096321106,
            "loss/test/FashionMNIST": 0.4229585528373718,
            "normalized_acc/test/FashionMNIST": 0.8999574780464172
        }
    ],
    "avg": [
        {
            "acc/test/avg": 0.8459111154079437,
            "normalized_acc/test/avg": 0.8867534697055817
        }
    ]
}