{
    "Flowers102": [
        {
            "acc/test/Flowers102": 0.7311757802963257,
            "loss/test/Flowers102": 1.2448811531066895,
            "normalized_acc/test/Flowers102": 0.8136083483695984
        }
    ],
    "CIFAR100": [
        {
            "acc/test/CIFAR100": 0.8166999816894531,
            "loss/test/CIFAR100": 0.6691062450408936,
            "normalized_acc/test/CIFAR100": 0.9391674399375916
        }
    ],
    "avg": [
        {
            "acc/test/avg": 0.7739378809928894,
            "normalized_acc/test/avg": 0.876387894153595
        }
    ]
}