{
    "Cars": [
        {
            "acc/test/Cars": 0.7124735713005066,
            "loss/test/Cars": 0.8714302182197571,
            "normalized_acc/test/Cars": 0.8926457166671753
        }
    ],
    "EuroSAT": [
        {
            "acc/test/EuroSAT": 0.9581481218338013,
            "loss/test/EuroSAT": 0.15899382531642914,
            "normalized_acc/test/EuroSAT": 0.9652984738349915
        }
    ],
    "avg": [
        {
            "acc/test/avg": 0.8353108465671539,
            "normalized_acc/test/avg": 0.9289720952510834
        }
    ]
}