{
    "DTD": [
        {
            "acc/test/DTD": 0.6180850863456726,
            "loss/test/DTD": 1.374634861946106,
            "normalized_acc/test/DTD": 0.7904761433601379
        }
    ],
    "OxfordIIITPet": [
        {
            "acc/test/OxfordIIITPet": 0.8972471952438354,
            "loss/test/OxfordIIITPet": 0.30963757634162903,
            "normalized_acc/test/OxfordIIITPet": 0.9679505825042725
        }
    ],
    "avg": [
        {
            "acc/test/avg": 0.757666140794754,
            "normalized_acc/test/avg": 0.8792133629322052
        }
    ]
}