{
    "PCAM": [
        {
            "acc/test/PCAM": 0.844482421875,
            "loss/test/PCAM": 0.38807618618011475,
            "normalized_acc/test/PCAM": 0.9789853692054749
        }
    ],
    "KMNIST": [
        {
            "acc/test/KMNIST": 0.3962000012397766,
            "loss/test/KMNIST": 1.9179657697677612,
            "normalized_acc/test/KMNIST": 0.40375012159347534
        }
    ],
    "avg": [
        {
            "acc/test/avg": 0.6203412115573883,
            "normalized_acc/test/avg": 0.6913677453994751
        }
    ]
}