{
    "EuroSAT": [
        {
            "acc/test/EuroSAT": 0.9477777481079102,
            "loss/test/EuroSAT": 0.1903473287820816,
            "normalized_acc/test/EuroSAT": 0.9548507332801819
        }
    ],
    "GTSRB": [
        {
            "acc/test/GTSRB": 0.8163895606994629,
            "loss/test/GTSRB": 0.7164737582206726,
            "normalized_acc/test/GTSRB": 0.8252100944519043
        }
    ],
    "avg": [
        {
            "acc/test/avg": 0.8820836544036865,
            "normalized_acc/test/avg": 0.8900304138660431
        }
    ]
}