{
    "SUN397": [
        {
            "acc/test/SUN397": 0.6997984647750854,
            "loss/test/SUN397": 1.024562120437622,
            "normalized_acc/test/SUN397": 0.9346026182174683
        }
    ],
    "RenderedSST2": [
        {
            "acc/test/RenderedSST2": 0.703459620475769,
            "loss/test/RenderedSST2": 0.5848969221115112,
            "normalized_acc/test/RenderedSST2": 1.036407709121704
        }
    ],
    "avg": [
        {
            "acc/test/avg": 0.7016290426254272,
            "normalized_acc/test/avg": 0.9855051636695862
        }
    ]
}