{
    "EMNIST": [
        {
            "acc/test/EMNIST": 0.9704999923706055,
            "loss/test/EMNIST": 0.20379576086997986,
            "normalized_acc/test/EMNIST": 0.9758672714233398
        }
    ],
    "RenderedSST2": [
        {
            "acc/test/RenderedSST2": 0.7007138729095459,
            "loss/test/RenderedSST2": 0.5834086537361145,
            "normalized_acc/test/RenderedSST2": 1.032362461090088
        }
    ],
    "avg": [
        {
            "acc/test/avg": 0.8356069326400757,
            "normalized_acc/test/avg": 1.0041148662567139
        }
    ]
}