{
    "SUN397": [
        {
            "acc/test/SUN397": 0.6945087909698486,
            "loss/test/SUN397": 1.0356777906417847,
            "normalized_acc/test/SUN397": 0.9275380969047546
        }
    ],
    "CIFAR10": [
        {
            "acc/test/CIFAR10": 0.9693999886512756,
            "loss/test/CIFAR10": 0.10230633616447449,
            "normalized_acc/test/CIFAR10": 0.9939505457878113
        }
    ],
    "avg": [
        {
            "acc/test/avg": 0.8319543898105621,
            "normalized_acc/test/avg": 0.960744321346283
        }
    ]
}