{
    "PCAM": [
        {
            "acc/test/PCAM": 0.8497314453125,
            "loss/test/PCAM": 0.38698360323905945,
            "normalized_acc/test/PCAM": 0.9850704073905945
        }
    ],
    "STL10": [
        {
            "acc/test/STL10": 0.9743750095367432,
            "loss/test/STL10": 0.07871432602405548,
            "normalized_acc/test/STL10": 0.9988467693328857
        }
    ],
    "avg": [
        {
            "acc/test/avg": 0.9120532274246216,
            "normalized_acc/test/avg": 0.9919585883617401
        }
    ]
}