{
    "Cars": [
        {
            "acc/test/Cars": 0.696803867816925,
            "loss/test/Cars": 0.9288762807846069,
            "normalized_acc/test/Cars": 0.8730133771896362
        }
    ],
    "PCAM": [
        {
            "acc/test/PCAM": 0.850128173828125,
            "loss/test/PCAM": 0.3837486505508423,
            "normalized_acc/test/PCAM": 0.9855303168296814
        }
    ],
    "avg": [
        {
            "acc/test/avg": 0.773466020822525,
            "normalized_acc/test/avg": 0.9292718470096588
        }
    ]
}