{
    "EuroSAT": [
        {
            "acc/test/EuroSAT": 0.9392592310905457,
            "loss/test/EuroSAT": 0.23982414603233337,
            "normalized_acc/test/EuroSAT": 0.946268618106842
        }
    ],
    "FashionMNIST": [
        {
            "acc/test/FashionMNIST": 0.845300018787384,
            "loss/test/FashionMNIST": 0.45287904143333435,
            "normalized_acc/test/FashionMNIST": 0.8977272510528564
        }
    ],
    "avg": [
        {
            "acc/test/avg": 0.8922796249389648,
            "normalized_acc/test/avg": 0.9219979345798492
        }
    ]
}