{
    "Food101": [
        {
            "acc/test/Food101": 0.8574653267860413,
            "loss/test/Food101": 0.4924853444099426,
            "normalized_acc/test/Food101": 0.996639609336853
        }
    ],
    "FashionMNIST": [
        {
            "acc/test/FashionMNIST": 0.8571000099182129,
            "loss/test/FashionMNIST": 0.42065367102622986,
            "normalized_acc/test/FashionMNIST": 0.9102591276168823
        }
    ],
    "avg": [
        {
            "acc/test/avg": 0.8572826683521271,
            "normalized_acc/test/avg": 0.9534493684768677
        }
    ]
}