{
    "EMNIST": [
        {
            "acc/test/EMNIST": 0.9616000056266785,
            "loss/test/EMNIST": 0.21692582964897156,
            "normalized_acc/test/EMNIST": 0.9669180512428284
        }
    ],
    "KMNIST": [
        {
            "acc/test/KMNIST": 0.4537999927997589,
            "loss/test/KMNIST": 1.7531200647354126,
            "normalized_acc/test/KMNIST": 0.46244776248931885
        }
    ],
    "avg": [
        {
            "acc/test/avg": 0.7076999992132187,
            "normalized_acc/test/avg": 0.7146829068660736
        }
    ]
}