{
    "DTD": [
        {
            "acc/test/DTD": 0.6053191423416138,
            "loss/test/DTD": 1.4249917268753052,
            "normalized_acc/test/DTD": 0.7741496562957764
        }
    ],
    "CIFAR10": [
        {
            "acc/test/CIFAR10": 0.968999981880188,
            "loss/test/CIFAR10": 0.10237253457307816,
            "normalized_acc/test/CIFAR10": 0.9935404062271118
        }
    ],
    "avg": [
        {
            "acc/test/avg": 0.7871595621109009,
            "normalized_acc/test/avg": 0.8838450312614441
        }
    ]
}