{
    "Cars": [
        {
            "acc/test/Cars": 0.704016923904419,
            "loss/test/Cars": 0.9103366732597351,
            "normalized_acc/test/Cars": 0.8820505142211914
        }
    ],
    "SVHN": [
        {
            "acc/test/SVHN": 0.8543331027030945,
            "loss/test/SVHN": 0.5523163676261902,
            "normalized_acc/test/SVHN": 0.8838022351264954
        }
    ],
    "avg": [
        {
            "acc/test/avg": 0.7791750133037567,
            "normalized_acc/test/avg": 0.8829263746738434
        }
    ]
}