{
    "GTSRB": [
        {
            "acc/test/GTSRB": 0.7844021916389465,
            "loss/test/GTSRB": 0.9182043671607971,
            "normalized_acc/test/GTSRB": 0.7928771376609802
        }
    ],
    "PCAM": [
        {
            "acc/test/PCAM": 0.844573974609375,
            "loss/test/PCAM": 0.39057713747024536,
            "normalized_acc/test/PCAM": 0.979091465473175
        }
    ],
    "avg": [
        {
            "acc/test/avg": 0.8144880831241608,
            "normalized_acc/test/avg": 0.8859843015670776
        }
    ]
}