{
    "SVHN": [
        {
            "acc/test/SVHN": 0.8636677861213684,
            "loss/test/SVHN": 0.530859649181366,
            "normalized_acc/test/SVHN": 0.893458902835846
        }
    ],
    "Flowers102": [
        {
            "acc/test/Flowers102": 0.7389819622039795,
            "loss/test/Flowers102": 1.098042368888855,
            "normalized_acc/test/Flowers102": 0.8222945928573608
        }
    ],
    "avg": [
        {
            "acc/test/avg": 0.801324874162674,
            "normalized_acc/test/avg": 0.8578767478466034
        }
    ]
}