{
    "SVHN": [
        {
            "acc/test/SVHN": 0.8318992257118225,
            "loss/test/SVHN": 0.7106701135635376,
            "normalized_acc/test/SVHN": 0.8605945110321045
        }
    ],
    "PCAM": [
        {
            "acc/test/PCAM": 0.823944091796875,
            "loss/test/PCAM": 0.41399773955345154,
            "normalized_acc/test/PCAM": 0.9551758170127869
        }
    ],
    "avg": [
        {
            "acc/test/avg": 0.8279216587543488,
            "normalized_acc/test/avg": 0.9078851640224457
        }
    ]
}