{
    "Cars": [
        {
            "acc/test/Cars": 0.7186917066574097,
            "loss/test/Cars": 0.852739691734314,
            "normalized_acc/test/Cars": 0.900436282157898
        }
    ],
    "RenderedSST2": [
        {
            "acc/test/RenderedSST2": 0.6990664601325989,
            "loss/test/RenderedSST2": 0.5834075808525085,
            "normalized_acc/test/RenderedSST2": 1.0299352407455444
        }
    ],
    "avg": [
        {
            "acc/test/avg": 0.7088790833950043,
            "normalized_acc/test/avg": 0.9651857614517212
        }
    ]
}