{
    "Flowers102": [
        {
            "acc/test/Flowers102": 0.7554073929786682,
            "loss/test/Flowers102": 1.0188281536102295,
            "normalized_acc/test/Flowers102": 0.8405718803405762
        }
    ],
    "RenderedSST2": [
        {
            "acc/test/RenderedSST2": 0.6919274926185608,
            "loss/test/RenderedSST2": 0.5946667790412903,
            "normalized_acc/test/RenderedSST2": 1.019417405128479
        }
    ],
    "avg": [
        {
            "acc/test/avg": 0.7236674427986145,
            "normalized_acc/test/avg": 0.9299946427345276
        }
    ]
}