{
    "Cars": [
        {
            "acc/test/Cars": 0.7134684920310974,
            "loss/test/Cars": 0.8574248552322388,
            "normalized_acc/test/Cars": 0.893892228603363
        }
    ],
    "OxfordIIITPet": [
        {
            "acc/test/OxfordIIITPet": 0.8898882269859314,
            "loss/test/OxfordIIITPet": 0.3405352830886841,
            "normalized_acc/test/OxfordIIITPet": 0.9600117206573486
        }
    ],
    "avg": [
        {
            "acc/test/avg": 0.8016783595085144,
            "normalized_acc/test/avg": 0.9269519746303558
        }
    ]
}