{
    "MNIST": [
        {
            "acc/test/MNIST": 0.9690999984741211,
            "loss/test/MNIST": 0.16055189073085785,
            "normalized_acc/test/MNIST": 0.9744595289230347
        }
    ],
    "CIFAR100": [
        {
            "acc/test/CIFAR100": 0.7799000144004822,
            "loss/test/CIFAR100": 0.7786202430725098,
            "normalized_acc/test/CIFAR100": 0.8968491554260254
        }
    ],
    "avg": [
        {
            "acc/test/avg": 0.8745000064373016,
            "normalized_acc/test/avg": 0.93565434217453
        }
    ]
}