{
    "RESISC45": [
        {
            "acc/test/RESISC45": 0.8369840979576111,
            "loss/test/RESISC45": 0.5253117084503174,
            "normalized_acc/test/RESISC45": 0.8782477974891663
        }
    ],
    "CIFAR100": [
        {
            "acc/test/CIFAR100": 0.8083000183105469,
            "loss/test/CIFAR100": 0.6938842535018921,
            "normalized_acc/test/CIFAR100": 0.929507851600647
        }
    ],
    "avg": [
        {
            "acc/test/avg": 0.822642058134079,
            "normalized_acc/test/avg": 0.9038778245449066
        }
    ]
}