{
    "Cars": [
        {
            "acc/test/Cars": 0.7033951282501221,
            "loss/test/Cars": 0.9141621589660645,
            "normalized_acc/test/Cars": 0.881271481513977
        }
    ],
    "CIFAR100": [
        {
            "acc/test/CIFAR100": 0.8040000200271606,
            "loss/test/CIFAR100": 0.7083624601364136,
            "normalized_acc/test/CIFAR100": 0.9245630502700806
        }
    ],
    "avg": [
        {
            "acc/test/avg": 0.7536975741386414,
            "normalized_acc/test/avg": 0.9029172658920288
        }
    ]
}