{
    "GTSRB": [
        {
            "acc/test/GTSRB": 0.8702296018600464,
            "loss/test/GTSRB": 0.5681530237197876,
            "normalized_acc/test/GTSRB": 0.8796318173408508
        }
    ],
    "KMNIST": [
        {
            "acc/test/KMNIST": 0.6055999994277954,
            "loss/test/KMNIST": 1.5804691314697266,
            "normalized_acc/test/KMNIST": 0.617140531539917
        }
    ],
    "avg": [
        {
            "acc/test/avg": 0.7379148006439209,
            "normalized_acc/test/avg": 0.7483861744403839
        }
    ]
}