{
    "SVHN": [
        {
            "acc/test/SVHN": 0.8791871666908264,
            "loss/test/SVHN": 0.406709760427475,
            "normalized_acc/test/SVHN": 0.9095135927200317
        }
    ],
    "MNIST": [
        {
            "acc/test/MNIST": 0.9851999878883362,
            "loss/test/MNIST": 0.0653240755200386,
            "normalized_acc/test/MNIST": 0.9906485676765442
        }
    ],
    "avg": [
        {
            "acc/test/avg": 0.9321935772895813,
            "normalized_acc/test/avg": 0.950081080198288
        }
    ]
}