{
    "GTSRB": [
        {
            "acc/test/GTSRB": 0.8615201711654663,
            "loss/test/GTSRB": 0.6100646257400513,
            "normalized_acc/test/GTSRB": 0.8708283305168152
        }
    ],
    "Food101": [
        {
            "acc/test/Food101": 0.8667722940444946,
            "loss/test/Food101": 0.4652853012084961,
            "normalized_acc/test/Food101": 1.0074571371078491
        }
    ],
    "avg": [
        {
            "acc/test/avg": 0.8641462326049805,
            "normalized_acc/test/avg": 0.9391427338123322
        }
    ]
}