{
    "RESISC45": [
        {
            "acc/test/RESISC45": 0.8352380990982056,
            "loss/test/RESISC45": 0.5333064198493958,
            "normalized_acc/test/RESISC45": 0.8764157295227051
        }
    ],
    "EuroSAT": [
        {
            "acc/test/EuroSAT": 0.9577777981758118,
            "loss/test/EuroSAT": 0.14585231244564056,
            "normalized_acc/test/EuroSAT": 0.9649254083633423
        }
    ],
    "avg": [
        {
            "acc/test/avg": 0.8965079486370087,
            "normalized_acc/test/avg": 0.9206705689430237
        }
    ]
}