{
    "OxfordIIITPet": [
        {
            "acc/test/OxfordIIITPet": 0.8852548599243164,
            "loss/test/OxfordIIITPet": 0.3666439950466156,
            "normalized_acc/test/OxfordIIITPet": 0.9550132751464844
        }
    ],
    "CIFAR100": [
        {
            "acc/test/CIFAR100": 0.8123999834060669,
            "loss/test/CIFAR100": 0.6725138425827026,
            "normalized_acc/test/CIFAR100": 0.9342226386070251
        }
    ],
    "avg": [
        {
            "acc/test/avg": 0.8488274216651917,
            "normalized_acc/test/avg": 0.9446179568767548
        }
    ]
}