{
    "DTD": [
        {
            "acc/test/DTD": 0.6186169981956482,
            "loss/test/DTD": 1.3780996799468994,
            "normalized_acc/test/DTD": 0.7911564111709595
        }
    ],
    "RenderedSST2": [
        {
            "acc/test/RenderedSST2": 0.701812207698822,
            "loss/test/RenderedSST2": 0.5886990427970886,
            "normalized_acc/test/RenderedSST2": 1.0339806079864502
        }
    ],
    "avg": [
        {
            "acc/test/avg": 0.6602146029472351,
            "normalized_acc/test/avg": 0.9125685095787048
        }
    ]
}