{
    "SUN397": [
        {
            "acc/test/SUN397": 0.6920906901359558,
            "loss/test/SUN397": 1.0550614595413208,
            "normalized_acc/test/SUN397": 0.9243086576461792
        }
    ],
    "SVHN": [
        {
            "acc/test/SVHN": 0.8668177723884583,
            "loss/test/SVHN": 0.5089230537414551,
            "normalized_acc/test/SVHN": 0.8967175483703613
        }
    ],
    "avg": [
        {
            "acc/test/avg": 0.779454231262207,
            "normalized_acc/test/avg": 0.9105131030082703
        }
    ]
}