{
    "EuroSAT": [
        {
            "acc/test/EuroSAT": 0.9662963151931763,
            "loss/test/EuroSAT": 0.14370593428611755,
            "normalized_acc/test/EuroSAT": 0.9735075235366821
        }
    ],
    "Flowers102": [
        {
            "acc/test/Flowers102": 0.7544316053390503,
            "loss/test/Flowers102": 1.0432024002075195,
            "normalized_acc/test/Flowers102": 0.8394860625267029
        }
    ],
    "avg": [
        {
            "acc/test/avg": 0.8603639602661133,
            "normalized_acc/test/avg": 0.9064967930316925
        }
    ]
}