{
    "DTD": [
        {
            "acc/test/DTD": 0.6117021441459656,
            "loss/test/DTD": 1.4054628610610962,
            "normalized_acc/test/DTD": 0.7823129296302795
        }
    ],
    "KMNIST": [
        {
            "acc/test/KMNIST": 0.5489000082015991,
            "loss/test/KMNIST": 1.6177641153335571,
            "normalized_acc/test/KMNIST": 0.5593600273132324
        }
    ],
    "avg": [
        {
            "acc/test/avg": 0.5803010761737823,
            "normalized_acc/test/avg": 0.670836478471756
        }
    ]
}