{
    "GTSRB": [
        {
            "acc/test/GTSRB": 0.8544734716415405,
            "loss/test/GTSRB": 0.6316139698028564,
            "normalized_acc/test/GTSRB": 0.8637054562568665
        }
    ],
    "STL10": [
        {
            "acc/test/STL10": 0.9788749814033508,
            "loss/test/STL10": 0.062535859644413,
            "normalized_acc/test/STL10": 1.0034598112106323
        }
    ],
    "avg": [
        {
            "acc/test/avg": 0.9166742265224457,
            "normalized_acc/test/avg": 0.9335826337337494
        }
    ]
}