{
    "GTSRB": [
        {
            "acc/test/GTSRB": 0.8363420367240906,
            "loss/test/GTSRB": 0.6328023672103882,
            "normalized_acc/test/GTSRB": 0.8453781604766846
        }
    ],
    "CIFAR100": [
        {
            "acc/test/CIFAR100": 0.7955999970436096,
            "loss/test/CIFAR100": 0.7344507575035095,
            "normalized_acc/test/CIFAR100": 0.9149034023284912
        }
    ],
    "avg": [
        {
            "acc/test/avg": 0.8159710168838501,
            "normalized_acc/test/avg": 0.8801407814025879
        }
    ]
}