{
    "CIFAR100": [
        {
            "acc/test/CIFAR100": 0.7882000207901001,
            "loss/test/CIFAR100": 0.7583761811256409,
            "normalized_acc/test/CIFAR100": 0.9063937664031982
        }
    ],
    "FashionMNIST": [
        {
            "acc/test/FashionMNIST": 0.8729000091552734,
            "loss/test/FashionMNIST": 0.38606753945350647,
            "normalized_acc/test/FashionMNIST": 0.9270390868186951
        }
    ],
    "avg": [
        {
            "acc/test/avg": 0.8305500149726868,
            "normalized_acc/test/avg": 0.9167164266109467
        }
    ]
}