{
    "SUN397": [
        {
            "acc/test/SUN397": 0.7034257054328918,
            "loss/test/SUN397": 1.0251644849777222,
            "normalized_acc/test/SUN397": 0.9394469261169434
        }
    ],
    "Cars": [
        {
            "acc/test/Cars": 0.711603045463562,
            "loss/test/Cars": 0.8736509084701538,
            "normalized_acc/test/Cars": 0.8915550112724304
        }
    ],
    "avg": [
        {
            "acc/test/avg": 0.7075143754482269,
            "normalized_acc/test/avg": 0.9155009686946869
        }
    ]
}