{
    "CIFAR10": [
        {
            "acc/test/CIFAR10": 0.9605000019073486,
            "loss/test/CIFAR10": 0.13134914636611938,
            "normalized_acc/test/CIFAR10": 0.9848251938819885
        }
    ],
    "EMNIST": [
        {
            "acc/test/EMNIST": 0.9571999907493591,
            "loss/test/EMNIST": 0.2896972894668579,
            "normalized_acc/test/EMNIST": 0.9624937176704407
        }
    ],
    "avg": [
        {
            "acc/test/avg": 0.9588499963283539,
            "normalized_acc/test/avg": 0.9736594557762146
        }
    ]
}