{
    "Cars": [
        {
            "acc/test/Cars": 0.714339017868042,
            "loss/test/Cars": 0.860548198223114,
            "normalized_acc/test/Cars": 0.8949828743934631
        }
    ],
    "DTD": [
        {
            "acc/test/DTD": 0.617553174495697,
            "loss/test/DTD": 1.378237247467041,
            "normalized_acc/test/DTD": 0.7897958755493164
        }
    ],
    "avg": [
        {
            "acc/test/avg": 0.6659460961818695,
            "normalized_acc/test/avg": 0.8423893749713898
        }
    ]
}