{
    "STL10": [
        {
            "acc/test/STL10": 0.9793750047683716,
            "loss/test/STL10": 0.06387481093406677,
            "normalized_acc/test/STL10": 1.0039722919464111
        }
    ],
    "EMNIST": [
        {
            "acc/test/EMNIST": 0.9671000242233276,
            "loss/test/EMNIST": 0.2129940688610077,
            "normalized_acc/test/EMNIST": 0.9724485278129578
        }
    ],
    "avg": [
        {
            "acc/test/avg": 0.9732375144958496,
            "normalized_acc/test/avg": 0.9882104098796844
        }
    ]
}