{
    "SUN397": [
        {
            "acc/test/SUN397": 0.7045843601226807,
            "loss/test/SUN397": 1.0304186344146729,
            "normalized_acc/test/SUN397": 0.940994381904602
        }
    ],
    "DTD": [
        {
            "acc/test/DTD": 0.617553174495697,
            "loss/test/DTD": 1.4036563634872437,
            "normalized_acc/test/DTD": 0.7897958755493164
        }
    ],
    "avg": [
        {
            "acc/test/avg": 0.6610687673091888,
            "normalized_acc/test/avg": 0.8653951287269592
        }
    ]
}