{
    "DTD": [
        {
            "acc/test/DTD": 0.6058510541915894,
            "loss/test/DTD": 1.426376461982727,
            "normalized_acc/test/DTD": 0.7748299241065979
        }
    ],
    "EMNIST": [
        {
            "acc/test/EMNIST": 0.9746000170707703,
            "loss/test/EMNIST": 0.15121661126613617,
            "normalized_acc/test/EMNIST": 0.9799900054931641
        }
    ],
    "avg": [
        {
            "acc/test/avg": 0.7902255356311798,
            "normalized_acc/test/avg": 0.877409964799881
        }
    ]
}