{
    "DTD": [
        {
            "acc/test/DTD": 0.6196808218955994,
            "loss/test/DTD": 1.3688772916793823,
            "normalized_acc/test/DTD": 0.7925169467926025
        }
    ],
    "Flowers102": [
        {
            "acc/test/Flowers102": 0.7713449597358704,
            "loss/test/Flowers102": 1.0483503341674805,
            "normalized_acc/test/Flowers102": 0.8583062291145325
        }
    ],
    "avg": [
        {
            "acc/test/avg": 0.6955128908157349,
            "normalized_acc/test/avg": 0.8254115879535675
        }
    ]
}