{
    "SUN397": [
        {
            "acc/test/SUN397": 0.692745566368103,
            "loss/test/SUN397": 1.0548129081726074,
            "normalized_acc/test/SUN397": 0.9251832962036133
        }
    ],
    "MNIST": [
        {
            "acc/test/MNIST": 0.9754999876022339,
            "loss/test/MNIST": 0.13246817886829376,
            "normalized_acc/test/MNIST": 0.980894923210144
        }
    ],
    "avg": [
        {
            "acc/test/avg": 0.8341227769851685,
            "normalized_acc/test/avg": 0.9530391097068787
        }
    ]
}