{
    "Flowers102": [
        {
            "acc/test/Flowers102": 0.7614246010780334,
            "loss/test/Flowers102": 1.0150706768035889,
            "normalized_acc/test/Flowers102": 0.8472674489021301
        }
    ],
    "FER2013": [
        {
            "acc/test/FER2013": 0.6446084976196289,
            "loss/test/FER2013": 0.9957215189933777,
            "normalized_acc/test/FER2013": 0.9042407274246216
        }
    ],
    "avg": [
        {
            "acc/test/avg": 0.7030165493488312,
            "normalized_acc/test/avg": 0.8757540881633759
        }
    ]
}