{
    "Cars": [
        {
            "acc/test/Cars": 0.717074990272522,
            "loss/test/Cars": 0.8516573905944824,
            "normalized_acc/test/Cars": 0.8984107375144958
        }
    ],
    "Flowers102": [
        {
            "acc/test/Flowers102": 0.7607741355895996,
            "loss/test/Flowers102": 1.0685875415802002,
            "normalized_acc/test/Flowers102": 0.8465436697006226
        }
    ],
    "avg": [
        {
            "acc/test/avg": 0.7389245629310608,
            "normalized_acc/test/avg": 0.8724772036075592
        }
    ]
}