{
    "Cars": [
        {
            "acc/test/Cars": 0.7158313393592834,
            "loss/test/Cars": 0.8612307906150818,
            "normalized_acc/test/Cars": 0.8968526124954224
        }
    ],
    "RESISC45": [
        {
            "acc/test/RESISC45": 0.8580952286720276,
            "loss/test/RESISC45": 0.4614410400390625,
            "normalized_acc/test/RESISC45": 0.9003997445106506
        }
    ],
    "avg": [
        {
            "acc/test/avg": 0.7869632840156555,
            "normalized_acc/test/avg": 0.8986261785030365
        }
    ]
}