{
    "EuroSAT": [
        {
            "acc/test/EuroSAT": 0.9637036919593811,
            "loss/test/EuroSAT": 0.1574729084968567,
            "normalized_acc/test/EuroSAT": 0.970895528793335
        }
    ],
    "OxfordIIITPet": [
        {
            "acc/test/OxfordIIITPet": 0.8885254859924316,
            "loss/test/OxfordIIITPet": 0.3393481969833374,
            "normalized_acc/test/OxfordIIITPet": 0.9585415720939636
        }
    ],
    "avg": [
        {
            "acc/test/avg": 0.9261145889759064,
            "normalized_acc/test/avg": 0.9647185504436493
        }
    ]
}