{
    "GTSRB": [
        {
            "acc/test/GTSRB": 0.833808422088623,
            "loss/test/GTSRB": 0.6096623539924622,
            "normalized_acc/test/GTSRB": 0.8428171873092651
        }
    ],
    "MNIST": [
        {
            "acc/test/MNIST": 0.9700999855995178,
            "loss/test/MNIST": 0.1385011076927185,
            "normalized_acc/test/MNIST": 0.9754650592803955
        }
    ],
    "avg": [
        {
            "acc/test/avg": 0.9019542038440704,
            "normalized_acc/test/avg": 0.9091411232948303
        }
    ]
}