{
    "MNIST": [
        {
            "acc/test/MNIST": 0.9639000296592712,
            "loss/test/MNIST": 0.21689140796661377,
            "normalized_acc/test/MNIST": 0.9692308306694031
        }
    ],
    "CIFAR10": [
        {
            "acc/test/CIFAR10": 0.9595999717712402,
            "loss/test/CIFAR10": 0.13365574181079865,
            "normalized_acc/test/CIFAR10": 0.9839023351669312
        }
    ],
    "avg": [
        {
            "acc/test/avg": 0.9617500007152557,
            "normalized_acc/test/avg": 0.9765665829181671
        }
    ]
}