{
    "SUN397": [
        {
            "acc/test/SUN397": 0.695314884185791,
            "loss/test/SUN397": 1.046005129814148,
            "normalized_acc/test/SUN397": 0.9286146759986877
        }
    ],
    "EMNIST": [
        {
            "acc/test/EMNIST": 0.9742000102996826,
            "loss/test/EMNIST": 0.16612297296524048,
            "normalized_acc/test/EMNIST": 0.979587733745575
        }
    ],
    "avg": [
        {
            "acc/test/avg": 0.8347574472427368,
            "normalized_acc/test/avg": 0.9541012048721313
        }
    ]
}