{
    "GTSRB": [
        {
            "acc/test/GTSRB": 0.8661916255950928,
            "loss/test/GTSRB": 0.5787909626960754,
            "normalized_acc/test/GTSRB": 0.8755502700805664
        }
    ],
    "FER2013": [
        {
            "acc/test/FER2013": 0.6379214525222778,
            "loss/test/FER2013": 1.029720425605774,
            "normalized_acc/test/FER2013": 0.8948602676391602
        }
    ],
    "avg": [
        {
            "acc/test/avg": 0.7520565390586853,
            "normalized_acc/test/avg": 0.8852052688598633
        }
    ]
}