{
    "FER2013": [
        {
            "acc/test/FER2013": 0.6327667832374573,
            "loss/test/FER2013": 1.047021508216858,
            "normalized_acc/test/FER2013": 0.8876294493675232
        }
    ],
    "EMNIST": [
        {
            "acc/test/EMNIST": 0.9692000150680542,
            "loss/test/EMNIST": 0.17999398708343506,
            "normalized_acc/test/EMNIST": 0.9745601415634155
        }
    ],
    "avg": [
        {
            "acc/test/avg": 0.8009833991527557,
            "normalized_acc/test/avg": 0.9310947954654694
        }
    ]
}