{
    "SUN397": [
        {
            "acc/test/SUN397": 0.6926952004432678,
            "loss/test/SUN397": 1.057884693145752,
            "normalized_acc/test/SUN397": 0.9251160025596619
        }
    ],
    "PCAM": [
        {
            "acc/test/PCAM": 0.85614013671875,
            "loss/test/PCAM": 0.36902540922164917,
            "normalized_acc/test/PCAM": 0.992499828338623
        }
    ],
    "avg": [
        {
            "acc/test/avg": 0.7744176685810089,
            "normalized_acc/test/avg": 0.9588079154491425
        }
    ]
}