{
    "EuroSAT": [
        {
            "acc/test/EuroSAT": 0.9422222375869751,
            "loss/test/EuroSAT": 0.2076895534992218,
            "normalized_acc/test/EuroSAT": 0.9492537379264832
        }
    ],
    "CIFAR100": [
        {
            "acc/test/CIFAR100": 0.8041999936103821,
            "loss/test/CIFAR100": 0.7026011943817139,
            "normalized_acc/test/CIFAR100": 0.924793004989624
        }
    ],
    "avg": [
        {
            "acc/test/avg": 0.8732111155986786,
            "normalized_acc/test/avg": 0.9370233714580536
        }
    ]
}