{
    "GTSRB": [
        {
            "acc/test/GTSRB": 0.8913697600364685,
            "loss/test/GTSRB": 0.5178790092468262,
            "normalized_acc/test/GTSRB": 0.901000440120697
        }
    ],
    "DTD": [
        {
            "acc/test/DTD": 0.6255319118499756,
            "loss/test/DTD": 1.3900690078735352,
            "normalized_acc/test/DTD": 0.800000011920929
        }
    ],
    "avg": [
        {
            "acc/test/avg": 0.758450835943222,
            "normalized_acc/test/avg": 0.850500226020813
        }
    ]
}