{
    "EuroSAT": [
        {
            "acc/test/EuroSAT": 0.9392592310905457,
            "loss/test/EuroSAT": 0.22979280352592468,
            "normalized_acc/test/EuroSAT": 0.946268618106842
        }
    ],
    "MNIST": [
        {
            "acc/test/MNIST": 0.9684000015258789,
            "loss/test/MNIST": 0.17696331441402435,
            "normalized_acc/test/MNIST": 0.9737556576728821
        }
    ],
    "avg": [
        {
            "acc/test/avg": 0.9538296163082123,
            "normalized_acc/test/avg": 0.9600121378898621
        }
    ]
}