{
    "SUN397": [
        {
            "acc/test/SUN397": 0.7060956954956055,
            "loss/test/SUN397": 1.0118294954299927,
            "normalized_acc/test/SUN397": 0.9430127739906311
        }
    ],
    "OxfordIIITPet": [
        {
            "acc/test/OxfordIIITPet": 0.8980648517608643,
            "loss/test/OxfordIIITPet": 0.3077296316623688,
            "normalized_acc/test/OxfordIIITPet": 0.9688326716423035
        }
    ],
    "avg": [
        {
            "acc/test/avg": 0.8020802736282349,
            "normalized_acc/test/avg": 0.9559227228164673
        }
    ]
}