{
    "RESISC45": [
        {
            "acc/test/RESISC45": 0.8458729982376099,
            "loss/test/RESISC45": 0.5039181709289551,
            "normalized_acc/test/RESISC45": 0.8875749111175537
        }
    ],
    "GTSRB": [
        {
            "acc/test/GTSRB": 0.8498812317848206,
            "loss/test/GTSRB": 0.6033315062522888,
            "normalized_acc/test/GTSRB": 0.8590636253356934
        }
    ],
    "avg": [
        {
            "acc/test/avg": 0.8478771150112152,
            "normalized_acc/test/avg": 0.8733192682266235
        }
    ]
}