{
    "MNIST": [
        {
            "acc/test/MNIST": 0.9746000170707703,
            "loss/test/MNIST": 0.14628393948078156,
            "normalized_acc/test/MNIST": 0.9799900054931641
        }
    ],
    "OxfordIIITPet": [
        {
            "acc/test/OxfordIIITPet": 0.8855273723602295,
            "loss/test/OxfordIIITPet": 0.34197577834129333,
            "normalized_acc/test/OxfordIIITPet": 0.9553072452545166
        }
    ],
    "avg": [
        {
            "acc/test/avg": 0.9300636947154999,
            "normalized_acc/test/avg": 0.9676486253738403
        }
    ]
}