{
    "SUN397": [
        {
            "acc/test/SUN397": 0.7050377726554871,
            "loss/test/SUN397": 1.0078332424163818,
            "normalized_acc/test/SUN397": 0.9415999054908752
        }
    ],
    "STL10": [
        {
            "acc/test/STL10": 0.9817500114440918,
            "loss/test/STL10": 0.059203118085861206,
            "normalized_acc/test/STL10": 1.0064070224761963
        }
    ],
    "avg": [
        {
            "acc/test/avg": 0.8433938920497894,
            "normalized_acc/test/avg": 0.9740034639835358
        }
    ]
}