{
    "MNIST": [
        {
            "acc/test/MNIST": 0.9750999808311462,
            "loss/test/MNIST": 0.12297625839710236,
            "normalized_acc/test/MNIST": 0.9804927110671997
        }
    ],
    "DTD": [
        {
            "acc/test/DTD": 0.5952127575874329,
            "loss/test/DTD": 1.4600948095321655,
            "normalized_acc/test/DTD": 0.7612245082855225
        }
    ],
    "avg": [
        {
            "acc/test/avg": 0.7851563692092896,
            "normalized_acc/test/avg": 0.8708586096763611
        }
    ]
}