{
    "Flowers102": [
        {
            "acc/test/Flowers102": 0.7498780488967896,
            "loss/test/Flowers102": 1.0704545974731445,
            "normalized_acc/test/Flowers102": 0.8344191312789917
        }
    ],
    "KMNIST": [
        {
            "acc/test/KMNIST": 0.5113999843597412,
            "loss/test/KMNIST": 1.7050769329071045,
            "normalized_acc/test/KMNIST": 0.5211454033851624
        }
    ],
    "avg": [
        {
            "acc/test/avg": 0.6306390166282654,
            "normalized_acc/test/avg": 0.677782267332077
        }
    ]
}