{
    "DTD": [
        {
            "acc/test/DTD": 0.6074467897415161,
            "loss/test/DTD": 1.4282665252685547,
            "normalized_acc/test/DTD": 0.7768707275390625
        }
    ],
    "Food101": [
        {
            "acc/test/Food101": 0.870851457118988,
            "loss/test/Food101": 0.4591720402240753,
            "normalized_acc/test/Food101": 1.0121984481811523
        }
    ],
    "avg": [
        {
            "acc/test/avg": 0.7391491234302521,
            "normalized_acc/test/avg": 0.8945345878601074
        }
    ]
}