{
    "EuroSAT": [
        {
            "acc/test/EuroSAT": 0.9403703808784485,
            "loss/test/EuroSAT": 0.21155790984630585,
            "normalized_acc/test/EuroSAT": 0.9473881125450134
        }
    ],
    "CIFAR10": [
        {
            "acc/test/CIFAR10": 0.9656999707221985,
            "loss/test/CIFAR10": 0.11139785498380661,
            "normalized_acc/test/CIFAR10": 0.9901568293571472
        }
    ],
    "avg": [
        {
            "acc/test/avg": 0.9530351758003235,
            "normalized_acc/test/avg": 0.9687724709510803
        }
    ]
}