{
    "SUN397": [
        {
            "acc/test/SUN397": 0.7011587023735046,
            "loss/test/SUN397": 1.0296430587768555,
            "normalized_acc/test/SUN397": 0.9364193081855774
        }
    ],
    "Food101": [
        {
            "acc/test/Food101": 0.8729504942893982,
            "loss/test/Food101": 0.443761944770813,
            "normalized_acc/test/Food101": 1.0146381855010986
        }
    ],
    "avg": [
        {
            "acc/test/avg": 0.7870545983314514,
            "normalized_acc/test/avg": 0.975528746843338
        }
    ]
}