{
    "PCAM": [
        {
            "acc/test/PCAM": 0.846923828125,
            "loss/test/PCAM": 0.39223712682724,
            "normalized_acc/test/PCAM": 0.9818156361579895
        }
    ],
    "FashionMNIST": [
        {
            "acc/test/FashionMNIST": 0.854200005531311,
            "loss/test/FashionMNIST": 0.4055744707584381,
            "normalized_acc/test/FashionMNIST": 0.9071792364120483
        }
    ],
    "avg": [
        {
            "acc/test/avg": 0.8505619168281555,
            "normalized_acc/test/avg": 0.9444974362850189
        }
    ]
}