{
    "EuroSAT": [
        {
            "acc/test/EuroSAT": 0.9388889074325562,
            "loss/test/EuroSAT": 0.22402185201644897,
            "normalized_acc/test/EuroSAT": 0.9458955526351929
        }
    ],
    "KMNIST": [
        {
            "acc/test/KMNIST": 0.4383000135421753,
            "loss/test/KMNIST": 1.793134331703186,
            "normalized_acc/test/KMNIST": 0.4466524124145508
        }
    ],
    "avg": [
        {
            "acc/test/avg": 0.6885944604873657,
            "normalized_acc/test/avg": 0.6962739825248718
        }
    ]
}