{
    "SVHN": [
        {
            "acc/test/SVHN": 0.8806853294372559,
            "loss/test/SVHN": 0.4090900719165802,
            "normalized_acc/test/SVHN": 0.9110634326934814
        }
    ],
    "EMNIST": [
        {
            "acc/test/EMNIST": 0.9833999872207642,
            "loss/test/EMNIST": 0.0789915919303894,
            "normalized_acc/test/EMNIST": 0.9888386130332947
        }
    ],
    "avg": [
        {
            "acc/test/avg": 0.93204265832901,
            "normalized_acc/test/avg": 0.9499510228633881
        }
    ]
}