{
    "RESISC45": [
        {
            "acc/test/RESISC45": 0.8609523773193359,
            "loss/test/RESISC45": 0.45304039120674133,
            "normalized_acc/test/RESISC45": 0.9033977389335632
        }
    ],
    "OxfordIIITPet": [
        {
            "acc/test/OxfordIIITPet": 0.8977923393249512,
            "loss/test/OxfordIIITPet": 0.3184847831726074,
            "normalized_acc/test/OxfordIIITPet": 0.9685387015342712
        }
    ],
    "avg": [
        {
            "acc/test/avg": 0.8793723583221436,
            "normalized_acc/test/avg": 0.9359682202339172
        }
    ]
}