{
    "MNIST": [
        {
            "acc/test/MNIST": 0.9700000286102295,
            "loss/test/MNIST": 0.14905297756195068,
            "normalized_acc/test/MNIST": 0.9753645658493042
        }
    ],
    "KMNIST": [
        {
            "acc/test/KMNIST": 0.438400000333786,
            "loss/test/KMNIST": 1.7852612733840942,
            "normalized_acc/test/KMNIST": 0.4467543065547943
        }
    ],
    "avg": [
        {
            "acc/test/avg": 0.7042000144720078,
            "normalized_acc/test/avg": 0.7110594362020493
        }
    ]
}