{
    "Flowers102": [
        {
            "acc/test/Flowers102": 0.7624003887176514,
            "loss/test/Flowers102": 1.0331299304962158,
            "normalized_acc/test/Flowers102": 0.8483532071113586
        }
    ],
    "STL10": [
        {
            "acc/test/STL10": 0.984624981880188,
            "loss/test/STL10": 0.051800116896629333,
            "normalized_acc/test/STL10": 1.0093541145324707
        }
    ],
    "avg": [
        {
            "acc/test/avg": 0.8735126852989197,
            "normalized_acc/test/avg": 0.9288536608219147
        }
    ]
}