{
    "OxfordIIITPet": [
        {
            "acc/test/OxfordIIITPet": 0.8857999444007874,
            "loss/test/OxfordIIITPet": 0.33932262659072876,
            "normalized_acc/test/OxfordIIITPet": 0.9556012749671936
        }
    ],
    "FashionMNIST": [
        {
            "acc/test/FashionMNIST": 0.8668000102043152,
            "loss/test/FashionMNIST": 0.3874027729034424,
            "normalized_acc/test/FashionMNIST": 0.9205607175827026
        }
    ],
    "avg": [
        {
            "acc/test/avg": 0.8762999773025513,
            "normalized_acc/test/avg": 0.9380809962749481
        }
    ]
}