{
    "EuroSAT": [
        {
            "acc/test/EuroSAT": 0.9685184955596924,
            "loss/test/EuroSAT": 0.14436212182044983,
            "normalized_acc/test/EuroSAT": 0.9757462739944458
        }
    ],
    "DTD": [
        {
            "acc/test/DTD": 0.6095744967460632,
            "loss/test/DTD": 1.414594054222107,
            "normalized_acc/test/DTD": 0.7795918583869934
        }
    ],
    "avg": [
        {
            "acc/test/avg": 0.7890464961528778,
            "normalized_acc/test/avg": 0.8776690661907196
        }
    ]
}