{
    "CIFAR100": [
        {
            "acc/test/CIFAR100": 0.8224999904632568,
            "loss/test/CIFAR100": 0.6363791227340698,
            "normalized_acc/test/CIFAR100": 0.945837140083313
        }
    ],
    "CIFAR10": [
        {
            "acc/test/CIFAR10": 0.97079998254776,
            "loss/test/CIFAR10": 0.10115258395671844,
            "normalized_acc/test/CIFAR10": 0.995386004447937
        }
    ],
    "avg": [
        {
            "acc/test/avg": 0.8966499865055084,
            "normalized_acc/test/avg": 0.970611572265625
        }
    ]
}