{
    "SVHN": [
        {
            "acc/test/SVHN": 0.8385448455810547,
            "loss/test/SVHN": 0.6609510779380798,
            "normalized_acc/test/SVHN": 0.8674693703651428
        }
    ],
    "CIFAR10": [
        {
            "acc/test/CIFAR10": 0.9629999995231628,
            "loss/test/CIFAR10": 0.12027297168970108,
            "normalized_acc/test/CIFAR10": 0.9873884916305542
        }
    ],
    "avg": [
        {
            "acc/test/avg": 0.9007724225521088,
            "normalized_acc/test/avg": 0.9274289309978485
        }
    ]
}