{
    "SVHN": [
        {
            "acc/test/SVHN": 0.8559849262237549,
            "loss/test/SVHN": 0.538025975227356,
            "normalized_acc/test/SVHN": 0.8855109810829163
        }
    ],
    "Food101": [
        {
            "acc/test/Food101": 0.8586930632591248,
            "loss/test/Food101": 0.49288830161094666,
            "normalized_acc/test/Food101": 0.9980666041374207
        }
    ],
    "avg": [
        {
            "acc/test/avg": 0.8573389947414398,
            "normalized_acc/test/avg": 0.9417887926101685
        }
    ]
}