{
    "Flowers102": [
        {
            "acc/test/Flowers102": 0.7459749579429626,
            "loss/test/Flowers102": 1.0760225057601929,
            "normalized_acc/test/Flowers102": 0.8300759792327881
        }
    ],
    "FashionMNIST": [
        {
            "acc/test/FashionMNIST": 0.8683000206947327,
            "loss/test/FashionMNIST": 0.38330450654029846,
            "normalized_acc/test/FashionMNIST": 0.9221537709236145
        }
    ],
    "avg": [
        {
            "acc/test/avg": 0.8071374893188477,
            "normalized_acc/test/avg": 0.8761148750782013
        }
    ]
}