{
    "EuroSAT": [
        {
            "acc/test/EuroSAT": 0.9559259414672852,
            "loss/test/EuroSAT": 0.17762191593647003,
            "normalized_acc/test/EuroSAT": 0.9630597233772278
        }
    ],
    "Food101": [
        {
            "acc/test/Food101": 0.8669703006744385,
            "loss/test/Food101": 0.46353378891944885,
            "normalized_acc/test/Food101": 1.0076873302459717
        }
    ],
    "avg": [
        {
            "acc/test/avg": 0.9114481210708618,
            "normalized_acc/test/avg": 0.9853735268115997
        }
    ]
}