{
    "CIFAR10": [
        {
            "acc/test/CIFAR10": 0.9603000283241272,
            "loss/test/CIFAR10": 0.12800398468971252,
            "normalized_acc/test/CIFAR10": 0.9846201539039612
        }
    ],
    "FashionMNIST": [
        {
            "acc/test/FashionMNIST": 0.8637999892234802,
            "loss/test/FashionMNIST": 0.3858140707015991,
            "normalized_acc/test/FashionMNIST": 0.9173746705055237
        }
    ],
    "avg": [
        {
            "acc/test/avg": 0.9120500087738037,
            "normalized_acc/test/avg": 0.9509974122047424
        }
    ]
}