{
    "Cars": [
        {
            "acc/test/Cars": 0.7133440971374512,
            "loss/test/Cars": 0.8615641593933105,
            "normalized_acc/test/Cars": 0.8937363624572754
        }
    ],
    "Food101": [
        {
            "acc/test/Food101": 0.8723564147949219,
            "loss/test/Food101": 0.4464501738548279,
            "normalized_acc/test/Food101": 1.0139477252960205
        }
    ],
    "avg": [
        {
            "acc/test/avg": 0.7928502559661865,
            "normalized_acc/test/avg": 0.953842043876648
        }
    ]
}