{
    "MNIST": [
        {
            "acc/test/MNIST": 0.9642999768257141,
            "loss/test/MNIST": 0.212654709815979,
            "normalized_acc/test/MNIST": 0.9696329832077026
        }
    ],
    "FashionMNIST": [
        {
            "acc/test/FashionMNIST": 0.8346999883651733,
            "loss/test/FashionMNIST": 0.4740084409713745,
            "normalized_acc/test/FashionMNIST": 0.8864697813987732
        }
    ],
    "avg": [
        {
            "acc/test/avg": 0.8994999825954437,
            "normalized_acc/test/avg": 0.9280513823032379
        }
    ]
}