{
    "RESISC45": [
        {
            "acc/test/RESISC45": 0.8244444727897644,
            "loss/test/RESISC45": 0.5644835233688354,
            "normalized_acc/test/RESISC45": 0.8650899529457092
        }
    ],
    "MNIST": [
        {
            "acc/test/MNIST": 0.9728000164031982,
            "loss/test/MNIST": 0.14706145226955414,
            "normalized_acc/test/MNIST": 0.9781800508499146
        }
    ],
    "avg": [
        {
            "acc/test/avg": 0.8986222445964813,
            "normalized_acc/test/avg": 0.9216350018978119
        }
    ]
}