{
    "OxfordIIITPet": [
        {
            "acc/test/OxfordIIITPet": 0.8879804015159607,
            "loss/test/OxfordIIITPet": 0.33253198862075806,
            "normalized_acc/test/OxfordIIITPet": 0.9579535722732544
        }
    ],
    "KMNIST": [
        {
            "acc/test/KMNIST": 0.48829999566078186,
            "loss/test/KMNIST": 1.7289338111877441,
            "normalized_acc/test/KMNIST": 0.49760520458221436
        }
    ],
    "avg": [
        {
            "acc/test/avg": 0.6881401985883713,
            "normalized_acc/test/avg": 0.7277793884277344
        }
    ]
}