{
    "Flowers102": [
        {
            "acc/test/Flowers102": 0.7597983479499817,
            "loss/test/Flowers102": 1.0740300416946411,
            "normalized_acc/test/Flowers102": 0.8454578518867493
        }
    ],
    "OxfordIIITPet": [
        {
            "acc/test/OxfordIIITPet": 0.89533931016922,
            "loss/test/OxfordIIITPet": 0.31366997957229614,
            "normalized_acc/test/OxfordIIITPet": 0.9658923745155334
        }
    ],
    "avg": [
        {
            "acc/test/avg": 0.8275688290596008,
            "normalized_acc/test/avg": 0.9056751132011414
        }
    ]
}