{
    "CIFAR10": [
        {
            "acc/test/CIFAR10": 0.9580000042915344,
            "loss/test/CIFAR10": 0.13938497006893158,
            "normalized_acc/test/CIFAR10": 0.9822618365287781
        }
    ],
    "KMNIST": [
        {
            "acc/test/KMNIST": 0.4221999943256378,
            "loss/test/KMNIST": 1.8525652885437012,
            "normalized_acc/test/KMNIST": 0.430245578289032
        }
    ],
    "avg": [
        {
            "acc/test/avg": 0.6900999993085861,
            "normalized_acc/test/avg": 0.706253707408905
        }
    ]
}