{
    "CIFAR100": [
        {
            "acc/test/CIFAR100": 0.7714999914169312,
            "loss/test/CIFAR100": 0.839379072189331,
            "normalized_acc/test/CIFAR100": 0.887189507484436
        }
    ],
    "KMNIST": [
        {
            "acc/test/KMNIST": 0.5299999713897705,
            "loss/test/KMNIST": 1.676695704460144,
            "normalized_acc/test/KMNIST": 0.5400998592376709
        }
    ],
    "avg": [
        {
            "acc/test/avg": 0.6507499814033508,
            "normalized_acc/test/avg": 0.7136446833610535
        }
    ]
}