{
    "SVHN": [
        {
            "acc/test/SVHN": 0.8584818840026855,
            "loss/test/SVHN": 0.5498769879341125,
            "normalized_acc/test/SVHN": 0.8880940675735474
        }
    ],
    "OxfordIIITPet": [
        {
            "acc/test/OxfordIIITPet": 0.887435257434845,
            "loss/test/OxfordIIITPet": 0.33648234605789185,
            "normalized_acc/test/OxfordIIITPet": 0.9573654532432556
        }
    ],
    "avg": [
        {
            "acc/test/avg": 0.8729585707187653,
            "normalized_acc/test/avg": 0.9227297604084015
        }
    ]
}