{
    "OxfordIIITPet": [
        {
            "acc/test/OxfordIIITPet_epoch": 0.9130553007125854,
            "loss/test/OxfordIIITPet_epoch": 0.2534339725971222,
            "acc/test/OxfordIIITPet": 0.9130553007125854,
            "normalized_acc/test/OxfordIIITPet": 0.9607111811637878
        }
    ],
    "EMNIST": [
        {
            "acc/test/EMNIST_epoch": 0.9477999806404114,
            "loss/test/EMNIST_epoch": 0.468828409910202,
            "acc/test/EMNIST": 0.9477999806404114,
            "normalized_acc/test/EMNIST": 0.9532334208488464
        }
    ],
    "avg": [
        {
            "acc/test/avg": 0.9304276406764984,
            "normalized_acc/test/avg": 0.9569723010063171
        }
    ]
}