{
    "CIFAR10": [
        {
            "acc/test/CIFAR10_epoch": 0.9639999866485596,
            "loss/test/CIFAR10_epoch": 0.11472217738628387,
            "acc/test/CIFAR10": 0.9639999866485596,
            "normalized_acc/test/CIFAR10": 0.9820700883865356
        }
    ],
    "EMNIST": [
        {
            "acc/test/EMNIST_epoch": 0.929099977016449,
            "loss/test/EMNIST_epoch": 0.5566596388816833,
            "acc/test/EMNIST": 0.929099977016449,
            "normalized_acc/test/EMNIST": 0.9344261884689331
        }
    ],
    "avg": [
        {
            "acc/test/avg": 0.9465499818325043,
            "normalized_acc/test/avg": 0.9582481384277344
        }
    ]
}