{
    "CIFAR10": [
        {
            "acc/test/CIFAR10_epoch": 0.9621000289916992,
            "loss/test/CIFAR10_epoch": 0.12275798618793488,
            "acc/test/CIFAR10": 0.9621000289916992,
            "normalized_acc/test/CIFAR10": 0.9801345467567444
        }
    ],
    "KMNIST": [
        {
            "acc/test/KMNIST_epoch": 0.15970000624656677,
            "loss/test/KMNIST_epoch": 2.1920974254608154,
            "acc/test/KMNIST": 0.15970000624656677,
            "normalized_acc/test/KMNIST": 0.16237926483154297
        }
    ],
    "avg": [
        {
            "acc/test/avg": 0.560900017619133,
            "normalized_acc/test/avg": 0.5712569057941437
        }
    ]
}