{
    "Food101": [
        {
            "acc/test/Food101_epoch": 0.9052277207374573,
            "loss/test/Food101_epoch": 0.3264835774898529,
            "acc/test/Food101": 0.9052277207374573,
            "normalized_acc/test/Food101": 0.9958609342575073
        }
    ],
    "FashionMNIST": [
        {
            "acc/test/FashionMNIST_epoch": 0.84170001745224,
            "loss/test/FashionMNIST_epoch": 0.4690697193145752,
            "acc/test/FashionMNIST": 0.84170001745224,
            "normalized_acc/test/FashionMNIST": 0.8841386437416077
        }
    ],
    "avg": [
        {
            "acc/test/avg": 0.8734638690948486,
            "normalized_acc/test/avg": 0.9399997889995575
        }
    ]
}