{
    "CIFAR10": [
        {
            "acc/test/CIFAR10_epoch": 0.9675999879837036,
            "loss/test/CIFAR10_epoch": 0.11141789704561234,
            "acc/test/CIFAR10": 0.9675999879837036,
            "normalized_acc/test/CIFAR10": 0.9857375621795654
        }
    ],
    "RenderedSST2": [
        {
            "acc/test/RenderedSST2_epoch": 0.7040087580680847,
            "loss/test/RenderedSST2_epoch": 0.5860686302185059,
            "acc/test/RenderedSST2": 0.7040087580680847,
            "normalized_acc/test/RenderedSST2": 0.9124554395675659
        }
    ],
    "avg": [
        {
            "acc/test/avg": 0.8358043730258942,
            "normalized_acc/test/avg": 0.9490965008735657
        }
    ]
}