{
    "EMNIST": [
        {
            "acc/test/EMNIST_epoch": 0.9283999800682068,
            "loss/test/EMNIST_epoch": 0.5615305304527283,
            "acc/test/EMNIST": 0.9283999800682068,
            "normalized_acc/test/EMNIST": 0.933722198009491
        }
    ],
    "KMNIST": [
        {
            "acc/test/KMNIST_epoch": 0.1834000051021576,
            "loss/test/KMNIST_epoch": 2.129072427749634,
            "acc/test/KMNIST": 0.1834000051021576,
            "normalized_acc/test/KMNIST": 0.18647687137126923
        }
    ],
    "avg": [
        {
            "acc/test/avg": 0.5558999925851822,
            "normalized_acc/test/avg": 0.5600995346903801
        }
    ]
}