{
    "FER2013": [
        {
            "acc/test/FER2013_epoch": 0.6046252250671387,
            "loss/test/FER2013_epoch": 1.0947831869125366,
            "acc/test/FER2013": 0.6046252250671387,
            "normalized_acc/test/FER2013": 0.820105791091919
        }
    ],
    "EMNIST": [
        {
            "acc/test/EMNIST_epoch": 0.9244999885559082,
            "loss/test/EMNIST_epoch": 0.5059776902198792,
            "acc/test/EMNIST": 0.9244999885559082,
            "normalized_acc/test/EMNIST": 0.9297998547554016
        }
    ],
    "avg": [
        {
            "acc/test/avg": 0.7645626068115234,
            "normalized_acc/test/avg": 0.8749528229236603
        }
    ]
}