{
    "FER2013": [
        {
            "acc/test/FER2013_epoch": 0.5971022844314575,
            "loss/test/FER2013_epoch": 1.123711347579956,
            "acc/test/FER2013": 0.5971022844314575,
            "normalized_acc/test/FER2013": 0.809901773929596
        }
    ],
    "FashionMNIST": [
        {
            "acc/test/FashionMNIST_epoch": 0.8468999862670898,
            "loss/test/FashionMNIST_epoch": 0.44320932030677795,
            "acc/test/FashionMNIST": 0.8468999862670898,
            "normalized_acc/test/FashionMNIST": 0.8896008133888245
        }
    ],
    "avg": [
        {
            "acc/test/avg": 0.7220011353492737,
            "normalized_acc/test/avg": 0.8497512936592102
        }
    ]
}