{
    "OxfordIIITPet": [
        {
            "acc/test/OxfordIIITPet_epoch": 0.9127827882766724,
            "loss/test/OxfordIIITPet_epoch": 0.25592395663261414,
            "acc/test/OxfordIIITPet": 0.9127827882766724,
            "normalized_acc/test/OxfordIIITPet": 0.9604244232177734
        }
    ],
    "CIFAR100": [
        {
            "acc/test/CIFAR100_epoch": 0.7972000241279602,
            "loss/test/CIFAR100_epoch": 0.733260452747345,
            "acc/test/CIFAR100": 0.7972000241279602,
            "normalized_acc/test/CIFAR100": 0.8930211663246155
        }
    ],
    "avg": [
        {
            "acc/test/avg": 0.8549914062023163,
            "normalized_acc/test/avg": 0.9267227947711945
        }
    ]
}