{
    "FashionMNIST": [
        {
            "acc/test/FashionMNIST_epoch": 0.8438000082969666,
            "loss/test/FashionMNIST_epoch": 0.4591540992259979,
            "acc/test/FashionMNIST": 0.8438000082969666,
            "normalized_acc/test/FashionMNIST": 0.8863445520401001
        }
    ],
    "EMNIST": [
        {
            "acc/test/EMNIST_epoch": 0.9085999727249146,
            "loss/test/EMNIST_epoch": 0.6121534109115601,
            "acc/test/EMNIST": 0.9085999727249146,
            "normalized_acc/test/EMNIST": 0.9138087034225464
        }
    ],
    "avg": [
        {
            "acc/test/avg": 0.8761999905109406,
            "normalized_acc/test/avg": 0.9000766277313232
        }
    ]
}