{
    "Food101": [
        {
            "acc/test/Food101_epoch": 0.9050297141075134,
            "loss/test/Food101_epoch": 0.3260437548160553,
            "acc/test/Food101": 0.9050297141075134,
            "normalized_acc/test/Food101": 0.9956430792808533
        }
    ],
    "EMNIST": [
        {
            "acc/test/EMNIST_epoch": 0.9194999933242798,
            "loss/test/EMNIST_epoch": 0.6482704877853394,
            "acc/test/EMNIST": 0.9194999933242798,
            "normalized_acc/test/EMNIST": 0.9247711896896362
        }
    ],
    "avg": [
        {
            "acc/test/avg": 0.9122648537158966,
            "normalized_acc/test/avg": 0.9602071344852448
        }
    ]
}