{
    "CIFAR10": [
        {
            "acc/test/CIFAR10_epoch": 0.9621999859809875,
            "loss/test/CIFAR10_epoch": 0.12396933883428574,
            "acc/test/CIFAR10": 0.9621999859809875,
            "normalized_acc/test/CIFAR10": 0.9802363514900208
        }
    ],
    "FashionMNIST": [
        {
            "acc/test/FashionMNIST_epoch": 0.842199981212616,
            "loss/test/FashionMNIST_epoch": 0.45773446559906006,
            "acc/test/FashionMNIST": 0.842199981212616,
            "normalized_acc/test/FashionMNIST": 0.8846638202667236
        }
    ],
    "avg": [
        {
            "acc/test/avg": 0.9021999835968018,
            "normalized_acc/test/avg": 0.9324500858783722
        }
    ]
}