{
    "EuroSAT": [
        {
            "acc/test/EuroSAT": 0.9355555772781372,
            "loss/test/EuroSAT": 0.20083491504192352,
            "normalized_acc/test/EuroSAT": 0.9425373673439026
        }
    ],
    "PCAM": [
        {
            "acc/test/PCAM": 0.84857177734375,
            "loss/test/PCAM": 0.4021468758583069,
            "normalized_acc/test/PCAM": 0.9837260246276855
        }
    ],
    "avg": [
        {
            "acc/test/avg": 0.8920636773109436,
            "normalized_acc/test/avg": 0.9631316959857941
        }
    ]
}