{
    "EuroSAT": [
        {
            "acc/test/EuroSAT": 0.9848148226737976,
            "loss/test/EuroSAT": 0.05798356980085373,
            "normalized_acc/test/EuroSAT": 0.9921641945838928
        }
    ],
    "GTSRB": [
        {
            "acc/test/GTSRB": 0.9790973663330078,
            "loss/test/GTSRB": 0.07945872098207474,
            "normalized_acc/test/GTSRB": 0.9896758794784546
        }
    ],
    "avg": [
        {
            "acc/test/avg": 0.9819560945034027,
            "normalized_acc/test/avg": 0.9909200370311737
        }
    ]
}