{
    "EuroSAT": [
        {
            "acc/test/EuroSAT": 0.9851852059364319,
            "loss/test/EuroSAT": 0.05469479411840439,
            "normalized_acc/test/EuroSAT": 0.9925373792648315
        }
    ],
    "FER2013": [
        {
            "acc/test/FER2013": 0.7078573703765869,
            "loss/test/FER2013": 1.1967353820800781,
            "normalized_acc/test/FER2013": 0.9929646253585815
        }
    ],
    "avg": [
        {
            "acc/test/avg": 0.8465212881565094,
            "normalized_acc/test/avg": 0.9927510023117065
        }
    ]
}