{
    "Cars": [
        {
            "acc/test/Cars": 0.7938067317008972,
            "loss/test/Cars": 0.7243710160255432,
            "normalized_acc/test/Cars": 0.9945465922355652
        }
    ],
    "DTD": [
        {
            "acc/test/DTD": 0.7643616795539856,
            "loss/test/DTD": 1.0309290885925293,
            "normalized_acc/test/DTD": 0.9775509834289551
        }
    ],
    "avg": [
        {
            "acc/test/avg": 0.7790842056274414,
            "normalized_acc/test/avg": 0.9860487878322601
        }
    ]
}