{
    "SUN397": [
        {
            "acc/test/SUN397": 0.7084131240844727,
            "loss/test/SUN397": 1.1005724668502808,
            "normalized_acc/test/SUN397": 0.946107804775238
        }
    ],
    "FashionMNIST": [
        {
            "acc/test/FashionMNIST": 0.9427000284194946,
            "loss/test/FashionMNIST": 0.19609351456165314,
            "normalized_acc/test/FashionMNIST": 1.0011682510375977
        }
    ],
    "avg": [
        {
            "acc/test/avg": 0.8255565762519836,
            "normalized_acc/test/avg": 0.9736380279064178
        }
    ]
}