{
    "SVHN": [
        {
            "acc/test/SVHN": 0.9671941995620728,
            "loss/test/SVHN": 0.1278815120458603,
            "normalized_acc/test/SVHN": 1.0005563497543335
        }
    ],
    "Food101": [
        {
            "acc/test/Food101": 0.827168345451355,
            "loss/test/Food101": 0.7250311970710754,
            "normalized_acc/test/Food101": 0.9614251852035522
        }
    ],
    "avg": [
        {
            "acc/test/avg": 0.8971812725067139,
            "normalized_acc/test/avg": 0.9809907674789429
        }
    ]
}