{
    "EuroSAT": [
        {
            "acc/test/EuroSAT": 0.9888888597488403,
            "loss/test/EuroSAT": 0.04179203882813454,
            "normalized_acc/test/EuroSAT": 0.996268630027771
        }
    ],
    "Food101": [
        {
            "acc/test/Food101": 0.8664950728416443,
            "loss/test/Food101": 0.5464277863502502,
            "normalized_acc/test/Food101": 1.007135033607483
        }
    ],
    "avg": [
        {
            "acc/test/avg": 0.9276919662952423,
            "normalized_acc/test/avg": 1.001701831817627
        }
    ]
}