{
    "RESISC45": [
        {
            "acc/test/RESISC45": 0.9341269731521606,
            "loss/test/RESISC45": 0.25658318400382996,
            "normalized_acc/test/RESISC45": 0.9801799058914185
        }
    ],
    "GTSRB": [
        {
            "acc/test/GTSRB": 0.9855107069015503,
            "loss/test/GTSRB": 0.05908669903874397,
            "normalized_acc/test/GTSRB": 0.9961584806442261
        }
    ],
    "avg": [
        {
            "acc/test/avg": 0.9598188400268555,
            "normalized_acc/test/avg": 0.9881691932678223
        }
    ]
}