{
    "Cars": [
        {
            "acc/test/Cars": 0.7389628291130066,
            "loss/test/Cars": 0.8948119878768921,
            "normalized_acc/test/Cars": 0.9258336424827576
        }
    ],
    "FashionMNIST": [
        {
            "acc/test/FashionMNIST": 0.940500020980835,
            "loss/test/FashionMNIST": 0.19500721991062164,
            "normalized_acc/test/FashionMNIST": 0.9988317489624023
        }
    ],
    "avg": [
        {
            "acc/test/avg": 0.8397314250469208,
            "normalized_acc/test/avg": 0.96233269572258
        }
    ]
}