{
    "GTSRB": [
        {
            "acc/test/GTSRB": 0.9874109029769897,
            "loss/test/GTSRB": 0.048756275326013565,
            "normalized_acc/test/GTSRB": 0.998079240322113
        }
    ],
    "OxfordIIITPet": [
        {
            "acc/test/OxfordIIITPet": 0.9146906733512878,
            "loss/test/OxfordIIITPet": 0.3458901643753052,
            "normalized_acc/test/OxfordIIITPet": 0.9867686033248901
        }
    ],
    "avg": [
        {
            "acc/test/avg": 0.9510507881641388,
            "normalized_acc/test/avg": 0.9924239218235016
        }
    ]
}