{
    "DTD": [
        {
            "acc/test/DTD": 0.7537233829498291,
            "loss/test/DTD": 1.0310449600219727,
            "normalized_acc/test/DTD": 0.9639455676078796
        }
    ],
    "STL10": [
        {
            "acc/test/STL10": 0.9787499904632568,
            "loss/test/STL10": 0.0769210159778595,
            "normalized_acc/test/STL10": 1.0033316612243652
        }
    ],
    "avg": [
        {
            "acc/test/avg": 0.866236686706543,
            "normalized_acc/test/avg": 0.9836386144161224
        }
    ]
}