{
    "GTSRB": [
        {
            "acc/test/GTSRB": 0.9642913937568665,
            "loss/test/GTSRB": 0.14118319749832153,
            "normalized_acc/test/GTSRB": 0.9747099280357361
        }
    ],
    "KMNIST": [
        {
            "acc/test/KMNIST": 0.9749000072479248,
            "loss/test/KMNIST": 0.09912033379077911,
            "normalized_acc/test/KMNIST": 0.9934780597686768
        }
    ],
    "avg": [
        {
            "acc/test/avg": 0.9695957005023956,
            "normalized_acc/test/avg": 0.9840939939022064
        }
    ]
}