{
    "SUN397": [
        {
            "acc/test/SUN397": 0.7263476252555847,
            "loss/test/SUN397": 1.0772475004196167,
            "normalized_acc/test/SUN397": 0.970059871673584
        }
    ],
    "GTSRB": [
        {
            "acc/test/GTSRB": 0.9859857559204102,
            "loss/test/GTSRB": 0.05384237691760063,
            "normalized_acc/test/GTSRB": 0.9966386556625366
        }
    ],
    "avg": [
        {
            "acc/test/avg": 0.8561666905879974,
            "normalized_acc/test/avg": 0.9833492636680603
        }
    ]
}