{
    "RESISC45": [
        {
            "acc/test/RESISC45": 0.9466666579246521,
            "loss/test/RESISC45": 0.19388505816459656,
            "normalized_acc/test/RESISC45": 0.9933377504348755
        }
    ],
    "STL10": [
        {
            "acc/test/STL10": 0.9810000061988831,
            "loss/test/STL10": 0.0691247284412384,
            "normalized_acc/test/STL10": 1.0056381225585938
        }
    ],
    "avg": [
        {
            "acc/test/avg": 0.9638333320617676,
            "normalized_acc/test/avg": 0.9994879364967346
        }
    ]
}