{
    "MNIST": [
        {
            "acc/test/MNIST": 0.9950000047683716,
            "loss/test/MNIST": 0.02529071271419525,
            "normalized_acc/test/MNIST": 1.0005028247833252
        }
    ],
    "CIFAR10": [
        {
            "acc/test/CIFAR10": 0.9625999927520752,
            "loss/test/CIFAR10": 0.17075635492801666,
            "normalized_acc/test/CIFAR10": 0.9869783520698547
        }
    ],
    "avg": [
        {
            "acc/test/avg": 0.9787999987602234,
            "normalized_acc/test/avg": 0.99374058842659
        }
    ]
}