{
    "SUN397": [
        {
            "acc/test/SUN397": 0.7018640041351318,
            "loss/test/SUN397": 1.1224616765975952,
            "normalized_acc/test/SUN397": 0.9373612403869629
        }
    ],
    "SVHN": [
        {
            "acc/test/SVHN": 0.9687691926956177,
            "loss/test/SVHN": 0.12616649270057678,
            "normalized_acc/test/SVHN": 1.002185583114624
        }
    ],
    "avg": [
        {
            "acc/test/avg": 0.8353165984153748,
            "normalized_acc/test/avg": 0.9697734117507935
        }
    ]
}