{
    "Cars": [
        {
            "acc/test/Cars": 0.7852256894111633,
            "loss/test/Cars": 0.7702138423919678,
            "normalized_acc/test/Cars": 0.9837955832481384
        }
    ],
    "FER2013": [
        {
            "acc/test/FER2013": 0.7082752585411072,
            "loss/test/FER2013": 1.2112928628921509,
            "normalized_acc/test/FER2013": 0.9935508370399475
        }
    ],
    "avg": [
        {
            "acc/test/avg": 0.7467504739761353,
            "normalized_acc/test/avg": 0.988673210144043
        }
    ]
}