{
    "MNIST": [
        {
            "acc/test/MNIST": 0.9937000274658203,
            "loss/test/MNIST": 0.028853360563516617,
            "normalized_acc/test/MNIST": 0.9991956353187561
        }
    ],
    "FashionMNIST": [
        {
            "acc/test/FashionMNIST": 0.9266999959945679,
            "loss/test/FashionMNIST": 0.24422702193260193,
            "normalized_acc/test/FashionMNIST": 0.9841758608818054
        }
    ],
    "avg": [
        {
            "acc/test/avg": 0.9602000117301941,
            "normalized_acc/test/avg": 0.9916857481002808
        }
    ]
}