{
    "EuroSAT": [
        {
            "acc/test/EuroSAT": 0.9777777791023254,
            "loss/test/EuroSAT": 0.07897044718265533,
            "normalized_acc/test/EuroSAT": 0.9850746393203735
        }
    ],
    "MNIST": [
        {
            "acc/test/MNIST": 0.9955999851226807,
            "loss/test/MNIST": 0.020961681380867958,
            "normalized_acc/test/MNIST": 1.0011061429977417
        }
    ],
    "avg": [
        {
            "acc/test/avg": 0.986688882112503,
            "normalized_acc/test/avg": 0.9930903911590576
        }
    ]
}