{
    "GTSRB": [
        {
            "acc/test/GTSRB": 0.9623119831085205,
            "loss/test/GTSRB": 0.14304402470588684,
            "normalized_acc/test/GTSRB": 0.9727091193199158
        }
    ],
    "EMNIST": [
        {
            "acc/test/EMNIST": 0.9926999807357788,
            "loss/test/EMNIST": 0.032699864357709885,
            "normalized_acc/test/EMNIST": 0.9981900453567505
        }
    ],
    "avg": [
        {
            "acc/test/avg": 0.9775059819221497,
            "normalized_acc/test/avg": 0.9854495823383331
        }
    ]
}