{
    "RESISC45": [
        {
            "acc/test/RESISC45": 0.9225397109985352,
            "loss/test/RESISC45": 0.2868534326553345,
            "normalized_acc/test/RESISC45": 0.9680213332176208
        }
    ],
    "CIFAR100": [
        {
            "acc/test/CIFAR100": 0.8644000291824341,
            "loss/test/CIFAR100": 0.5922619104385376,
            "normalized_acc/test/CIFAR100": 0.9940202832221985
        }
    ],
    "avg": [
        {
            "acc/test/avg": 0.8934698700904846,
            "normalized_acc/test/avg": 0.9810208082199097
        }
    ]
}