{
    "GTSRB": [
        {
            "acc/test/GTSRB": 0.9768804311752319,
            "loss/test/GTSRB": 0.09305485337972641,
            "normalized_acc/test/GTSRB": 0.987434983253479
        }
    ],
    "CIFAR100": [
        {
            "acc/test/CIFAR100": 0.8305000066757202,
            "loss/test/CIFAR100": 0.7499761581420898,
            "normalized_acc/test/CIFAR100": 0.9550368189811707
        }
    ],
    "avg": [
        {
            "acc/test/avg": 0.9036902189254761,
            "normalized_acc/test/avg": 0.9712359011173248
        }
    ]
}