{
    "SUN397": [
        {
            "acc/test/SUN397": 0.7189420461654663,
            "loss/test/SUN397": 1.0777173042297363,
            "normalized_acc/test/SUN397": 0.9601694941520691
        }
    ],
    "EMNIST": [
        {
            "acc/test/EMNIST": 0.994700014591217,
            "loss/test/EMNIST": 0.023031288757920265,
            "normalized_acc/test/EMNIST": 1.0002011060714722
        }
    ],
    "avg": [
        {
            "acc/test/avg": 0.8568210303783417,
            "normalized_acc/test/avg": 0.9801853001117706
        }
    ]
}