{
    "DTD": [
        {
            "acc/test/DTD": 0.7686170339584351,
            "loss/test/DTD": 1.0233721733093262,
            "normalized_acc/test/DTD": 0.9829932451248169
        }
    ],
    "Flowers102": [
        {
            "acc/test/Flowers102": 0.8466417193412781,
            "loss/test/Flowers102": 0.655388355255127,
            "normalized_acc/test/Flowers102": 0.9420919418334961
        }
    ],
    "avg": [
        {
            "acc/test/avg": 0.8076293766498566,
            "normalized_acc/test/avg": 0.9625425934791565
        }
    ]
}