{
    "SUN397": [
        {
            "acc/test/SUN397": 0.6755163669586182,
            "loss/test/SUN397": 1.1603763103485107,
            "normalized_acc/test/SUN397": 0.9021731615066528
        }
    ],
    "PCAM": [
        {
            "acc/test/PCAM": 0.854278564453125,
            "loss/test/PCAM": 0.4068058729171753,
            "normalized_acc/test/PCAM": 0.9903417825698853
        }
    ],
    "avg": [
        {
            "acc/test/avg": 0.7648974657058716,
            "normalized_acc/test/avg": 0.946257472038269
        }
    ]
}