{
    "RESISC45": [
        {
            "acc/test/RESISC45": 0.9077777862548828,
            "loss/test/RESISC45": 0.35519102215766907,
            "normalized_acc/test/RESISC45": 0.952531635761261
        }
    ],
    "EuroSAT": [
        {
            "acc/test/EuroSAT": 0.9885185360908508,
            "loss/test/EuroSAT": 0.04887997731566429,
            "normalized_acc/test/EuroSAT": 0.9958955645561218
        }
    ],
    "avg": [
        {
            "acc/test/avg": 0.9481481611728668,
            "normalized_acc/test/avg": 0.9742136001586914
        }
    ]
}