{
    "SVHN": [
        {
            "acc/test/SVHN": 0.9515596032142639,
            "loss/test/SVHN": 0.1891888827085495,
            "normalized_acc/test/SVHN": 0.9843823909759521
        }
    ],
    "MNIST": [
        {
            "acc/test/MNIST": 0.9922999739646912,
            "loss/test/MNIST": 0.03116726689040661,
            "normalized_acc/test/MNIST": 0.9977878332138062
        }
    ],
    "avg": [
        {
            "acc/test/avg": 0.9719297885894775,
            "normalized_acc/test/avg": 0.9910851120948792
        }
    ]
}