{
    "GTSRB": [
        {
            "acc/test/GTSRB": 0.9867774844169617,
            "loss/test/GTSRB": 0.05064622685313225,
            "normalized_acc/test/GTSRB": 0.9974389672279358
        }
    ],
    "Flowers102": [
        {
            "acc/test/Flowers102": 0.8149292469024658,
            "loss/test/Flowers102": 0.7640040516853333,
            "normalized_acc/test/Flowers102": 0.9068042039871216
        }
    ],
    "avg": [
        {
            "acc/test/avg": 0.9008533656597137,
            "normalized_acc/test/avg": 0.9521215856075287
        }
    ]
}