{
    "SUN397": [
        {
            "acc/test/SUN397": 0.7391939759254456,
            "loss/test/SUN397": 1.0284969806671143,
            "normalized_acc/test/SUN397": 0.987216591835022
        }
    ],
    "RESISC45": [
        {
            "acc/test/RESISC45": 0.9428571462631226,
            "loss/test/RESISC45": 0.21809022128582,
            "normalized_acc/test/RESISC45": 0.9893404245376587
        }
    ],
    "avg": [
        {
            "acc/test/avg": 0.8410255610942841,
            "normalized_acc/test/avg": 0.9882785081863403
        }
    ]
}