{
    "MNIST": [
        {
            "acc/test/MNIST": 0.9950000047683716,
            "loss/test/MNIST": 0.023301582783460617,
            "normalized_acc/test/MNIST": 1.0005028247833252
        }
    ],
    "CIFAR100": [
        {
            "acc/test/CIFAR100": 0.8133999705314636,
            "loss/test/CIFAR100": 0.7837812900543213,
            "normalized_acc/test/CIFAR100": 0.935372531414032
        }
    ],
    "avg": [
        {
            "acc/test/avg": 0.9041999876499176,
            "normalized_acc/test/avg": 0.9679376780986786
        }
    ]
}