{
    "Cars": [
        {
            "acc/test/Cars": 0.7863450050354004,
            "loss/test/Cars": 0.7287420034408569,
            "normalized_acc/test/Cars": 0.985197901725769
        }
    ],
    "EuroSAT": [
        {
            "acc/test/EuroSAT": 0.9903703927993774,
            "loss/test/EuroSAT": 0.03733239695429802,
            "normalized_acc/test/EuroSAT": 0.9977612495422363
        }
    ],
    "avg": [
        {
            "acc/test/avg": 0.8883576989173889,
            "normalized_acc/test/avg": 0.9914795756340027
        }
    ]
}