{
    "DTD": [
        {
            "acc/test/DTD": 0.6191489100456238,
            "loss/test/DTD": 1.4134153127670288,
            "normalized_acc/test/DTD": 0.791836678981781
        }
    ],
    "PCAM": [
        {
            "acc/test/PCAM": 0.851898193359375,
            "loss/test/PCAM": 0.417758971452713,
            "normalized_acc/test/PCAM": 0.987582266330719
        }
    ],
    "avg": [
        {
            "acc/test/avg": 0.7355235517024994,
            "normalized_acc/test/avg": 0.88970947265625
        }
    ]
}