{
    "EuroSAT": [
        {
            "acc/test/EuroSAT": 0.979629635810852,
            "loss/test/EuroSAT": 0.0694245770573616,
            "normalized_acc/test/EuroSAT": 0.986940324306488
        }
    ],
    "FashionMNIST": [
        {
            "acc/test/FashionMNIST": 0.9362999796867371,
            "loss/test/FashionMNIST": 0.20777463912963867,
            "normalized_acc/test/FashionMNIST": 0.994371235370636
        }
    ],
    "avg": [
        {
            "acc/test/avg": 0.9579648077487946,
            "normalized_acc/test/avg": 0.990655779838562
        }
    ]
}