{
    "DTD": [
        {
            "acc/test/DTD": 0.7175531983375549,
            "loss/test/DTD": 1.0857149362564087,
            "normalized_acc/test/DTD": 0.9176870584487915
        }
    ],
    "CIFAR10": [
        {
            "acc/test/CIFAR10": 0.9786999821662903,
            "loss/test/CIFAR10": 0.09878481179475784,
            "normalized_acc/test/CIFAR10": 1.0034860372543335
        }
    ],
    "avg": [
        {
            "acc/test/avg": 0.8481265902519226,
            "normalized_acc/test/avg": 0.9605865478515625
        }
    ]
}