{
    "Cars": [
        {
            "acc/test/Cars": 0.7434398531913757,
            "loss/test/Cars": 0.8874846696853638,
            "normalized_acc/test/Cars": 0.9314427971839905
        }
    ],
    "SVHN": [
        {
            "acc/test/SVHN": 0.9687308073043823,
            "loss/test/SVHN": 0.12680412828922272,
            "normalized_acc/test/SVHN": 1.0021458864212036
        }
    ],
    "avg": [
        {
            "acc/test/avg": 0.856085330247879,
            "normalized_acc/test/avg": 0.966794341802597
        }
    ]
}