{
    "GTSRB": [
        {
            "acc/test/GTSRB": 0.9706255197525024,
            "loss/test/GTSRB": 0.13445749878883362,
            "normalized_acc/test/GTSRB": 0.9811124801635742
        }
    ],
    "PCAM": [
        {
            "acc/test/PCAM": 0.84979248046875,
            "loss/test/PCAM": 0.4021262228488922,
            "normalized_acc/test/PCAM": 0.9851411581039429
        }
    ],
    "avg": [
        {
            "acc/test/avg": 0.9102090001106262,
            "normalized_acc/test/avg": 0.9831268191337585
        }
    ]
}