{
    "RESISC45": [
        {
            "acc/test/RESISC45": 0.9328571557998657,
            "loss/test/RESISC45": 0.2521825134754181,
            "normalized_acc/test/RESISC45": 0.9788474440574646
        }
    ],
    "EMNIST": [
        {
            "acc/test/EMNIST": 0.9950000047683716,
            "loss/test/EMNIST": 0.022914700210094452,
            "normalized_acc/test/EMNIST": 1.0005028247833252
        }
    ],
    "avg": [
        {
            "acc/test/avg": 0.9639285802841187,
            "normalized_acc/test/avg": 0.9896751344203949
        }
    ]
}