{
    "SUN397": [
        {
            "acc/test/SUN397": 0.7515365481376648,
            "loss/test/SUN397": 0.9479515552520752,
            "normalized_acc/test/SUN397": 1.0037004947662354
        }
    ],
    "STL10": [
        {
            "acc/test/STL10": 0.9815000295639038,
            "loss/test/STL10": 0.0752013698220253,
            "normalized_acc/test/STL10": 1.006150722503662
        }
    ],
    "avg": [
        {
            "acc/test/avg": 0.8665182888507843,
            "normalized_acc/test/avg": 1.0049256086349487
        }
    ]
}