{
    "DTD": [
        {
            "acc/test/DTD": 0.7356383204460144,
            "loss/test/DTD": 1.1117697954177856,
            "normalized_acc/test/DTD": 0.940816342830658
        }
    ],
    "EMNIST": [
        {
            "acc/test/EMNIST": 0.9950000047683716,
            "loss/test/EMNIST": 0.023276058956980705,
            "normalized_acc/test/EMNIST": 1.0005028247833252
        }
    ],
    "avg": [
        {
            "acc/test/avg": 0.865319162607193,
            "normalized_acc/test/avg": 0.9706595838069916
        }
    ]
}