{
    "DTD": [
        {
            "acc/test/DTD": 0.7654255032539368,
            "loss/test/DTD": 1.0621503591537476,
            "normalized_acc/test/DTD": 0.9789115190505981
        }
    ],
    "FER2013": [
        {
            "acc/test/FER2013": 0.7099470496177673,
            "loss/test/FER2013": 1.2546484470367432,
            "normalized_acc/test/FER2013": 0.9958959817886353
        }
    ],
    "avg": [
        {
            "acc/test/avg": 0.737686276435852,
            "normalized_acc/test/avg": 0.9874037504196167
        }
    ]
}