{
    "DTD": [
        {
            "acc/test/DTD": 0.7723404169082642,
            "loss/test/DTD": 1.0062075853347778,
            "normalized_acc/test/DTD": 0.9877551198005676
        }
    ],
    "OxfordIIITPet": [
        {
            "acc/test/OxfordIIITPet": 0.9255927801132202,
            "loss/test/OxfordIIITPet": 0.2930369973182678,
            "normalized_acc/test/OxfordIIITPet": 0.9985297918319702
        }
    ],
    "avg": [
        {
            "acc/test/avg": 0.8489665985107422,
            "normalized_acc/test/avg": 0.9931424558162689
        }
    ]
}