{
    "SVHN": [
        {
            "acc/test/SVHN": 0.965657651424408,
            "loss/test/SVHN": 0.134053036570549,
            "normalized_acc/test/SVHN": 0.9989667534828186
        }
    ],
    "FER2013": [
        {
            "acc/test/FER2013": 0.6532460451126099,
            "loss/test/FER2013": 1.3708304166793823,
            "normalized_acc/test/FER2013": 0.9163572192192078
        }
    ],
    "avg": [
        {
            "acc/test/avg": 0.8094518482685089,
            "normalized_acc/test/avg": 0.9576619863510132
        }
    ]
}