{
    "DTD": [
        {
            "acc/test/DTD": 0.7542552947998047,
            "loss/test/DTD": 1.0535838603973389,
            "normalized_acc/test/DTD": 0.9646258354187012
        }
    ],
    "Food101": [
        {
            "acc/test/Food101": 0.87148517370224,
            "loss/test/Food101": 0.5464361310005188,
            "normalized_acc/test/Food101": 1.0129350423812866
        }
    ],
    "avg": [
        {
            "acc/test/avg": 0.8128702342510223,
            "normalized_acc/test/avg": 0.9887804388999939
        }
    ]
}