{
    "SUN397": [
        {
            "acc/test/SUN397": 0.7063980102539062,
            "loss/test/SUN397": 1.1482665538787842,
            "normalized_acc/test/SUN397": 0.9434165358543396
        }
    ],
    "MNIST": [
        {
            "acc/test/MNIST": 0.9958000183105469,
            "loss/test/MNIST": 0.019832290709018707,
            "normalized_acc/test/MNIST": 1.0013072490692139
        }
    ],
    "avg": [
        {
            "acc/test/avg": 0.8510990142822266,
            "normalized_acc/test/avg": 0.9723618924617767
        }
    ]
}