{
    "RESISC45": [
        {
            "acc/test/RESISC45": 0.9419047832489014,
            "loss/test/RESISC45": 0.22233454883098602,
            "normalized_acc/test/RESISC45": 0.9883411526679993
        }
    ],
    "DTD": [
        {
            "acc/test/DTD": 0.7531914710998535,
            "loss/test/DTD": 1.0707913637161255,
            "normalized_acc/test/DTD": 0.9632652997970581
        }
    ],
    "avg": [
        {
            "acc/test/avg": 0.8475481271743774,
            "normalized_acc/test/avg": 0.9758032262325287
        }
    ]
}