{
    "MNIST": [
        {
            "acc/test/MNIST": 0.9957000017166138,
            "loss/test/MNIST": 0.020094934850931168,
            "normalized_acc/test/MNIST": 1.001206636428833
        }
    ],
    "OxfordIIITPet": [
        {
            "acc/test/OxfordIIITPet": 0.9056963920593262,
            "loss/test/OxfordIIITPet": 0.3839299976825714,
            "normalized_acc/test/OxfordIIITPet": 0.9770655632019043
        }
    ],
    "avg": [
        {
            "acc/test/avg": 0.95069819688797,
            "normalized_acc/test/avg": 0.9891360998153687
        }
    ]
}