{
    "SUN397": [
        {
            "acc/test/SUN397": 0.7546095848083496,
            "loss/test/SUN397": 0.9464201927185059,
            "normalized_acc/test/SUN397": 1.0078046321868896
        }
    ],
    "Flowers102": [
        {
            "acc/test/Flowers102": 0.8658318519592285,
            "loss/test/Flowers102": 0.5418739318847656,
            "normalized_acc/test/Flowers102": 0.9634455442428589
        }
    ],
    "avg": [
        {
            "acc/test/avg": 0.8102207183837891,
            "normalized_acc/test/avg": 0.9856250882148743
        }
    ]
}