{
    "SUN397": [
        {
            "acc/test/SUN397": 0.7397984862327576,
            "loss/test/SUN397": 1.003854513168335,
            "normalized_acc/test/SUN397": 0.9880239367485046
        }
    ],
    "FER2013": [
        {
            "acc/test/FER2013": 0.7100863456726074,
            "loss/test/FER2013": 1.2765436172485352,
            "normalized_acc/test/FER2013": 0.996091365814209
        }
    ],
    "avg": [
        {
            "acc/test/avg": 0.7249424159526825,
            "normalized_acc/test/avg": 0.9920576512813568
        }
    ]
}