{
    "SUN397": [
        {
            "acc/test/SUN397": 0.7158186435699463,
            "loss/test/SUN397": 1.0474106073379517,
            "normalized_acc/test/SUN397": 0.9559980630874634
        }
    ],
    "CIFAR10": [
        {
            "acc/test/CIFAR10": 0.9772999882698059,
            "loss/test/CIFAR10": 0.10631086677312851,
            "normalized_acc/test/CIFAR10": 1.0020506381988525
        }
    ],
    "avg": [
        {
            "acc/test/avg": 0.8465593159198761,
            "normalized_acc/test/avg": 0.979024350643158
        }
    ]
}