{
    "EuroSAT": [
        {
            "acc/test/EuroSAT": 0.9640740752220154,
            "loss/test/EuroSAT": 0.12401445209980011,
            "normalized_acc/test/EuroSAT": 0.9712686538696289
        }
    ],
    "CIFAR100": [
        {
            "acc/test/CIFAR100": 0.8446999788284302,
            "loss/test/CIFAR100": 0.6410765051841736,
            "normalized_acc/test/CIFAR100": 0.9713661074638367
        }
    ],
    "avg": [
        {
            "acc/test/avg": 0.9043870270252228,
            "normalized_acc/test/avg": 0.9713173806667328
        }
    ]
}