{
    "SVHN": [
        {
            "acc/test/SVHN": 0.9643131494522095,
            "loss/test/SVHN": 0.1425517201423645,
            "normalized_acc/test/SVHN": 0.9975758790969849
        }
    ],
    "GTSRB": [
        {
            "acc/test/GTSRB": 0.9562153816223145,
            "loss/test/GTSRB": 0.1650552749633789,
            "normalized_acc/test/GTSRB": 0.9665466547012329
        }
    ],
    "avg": [
        {
            "acc/test/avg": 0.960264265537262,
            "normalized_acc/test/avg": 0.9820612668991089
        }
    ]
}