{
    "GTSRB": [
        {
            "acc/test/GTSRB": 0.9851148128509521,
            "loss/test/GTSRB": 0.0567547082901001,
            "normalized_acc/test/GTSRB": 0.9957582950592041
        }
    ],
    "DTD": [
        {
            "acc/test/DTD": 0.7308510541915894,
            "loss/test/DTD": 1.1479530334472656,
            "normalized_acc/test/DTD": 0.9346938729286194
        }
    ],
    "avg": [
        {
            "acc/test/avg": 0.8579829335212708,
            "normalized_acc/test/avg": 0.9652260839939117
        }
    ]
}