{
    "GTSRB": [
        {
            "acc/test/GTSRB": 0.9566904306411743,
            "loss/test/GTSRB": 0.16900239884853363,
            "normalized_acc/test/GTSRB": 0.9670268297195435
        }
    ],
    "MNIST": [
        {
            "acc/test/MNIST": 0.9943000078201294,
            "loss/test/MNIST": 0.025179842486977577,
            "normalized_acc/test/MNIST": 0.9997988939285278
        }
    ],
    "avg": [
        {
            "acc/test/avg": 0.9754952192306519,
            "normalized_acc/test/avg": 0.9834128618240356
        }
    ]
}