{
    "Cars": [
        {
            "acc/test/Cars": 0.7242880463600159,
            "loss/test/Cars": 0.9089497923851013,
            "normalized_acc/test/Cars": 0.907447874546051
        }
    ],
    "PCAM": [
        {
            "acc/test/PCAM": 0.85992431640625,
            "loss/test/PCAM": 0.36089497804641724,
            "normalized_acc/test/PCAM": 0.9968867301940918
        }
    ],
    "avg": [
        {
            "acc/test/avg": 0.7921061813831329,
            "normalized_acc/test/avg": 0.9521673023700714
        }
    ]
}