{
    "EuroSAT": [
        {
            "acc/test/EuroSAT": 0.9907407164573669,
            "loss/test/EuroSAT": 0.03423919901251793,
            "normalized_acc/test/EuroSAT": 0.9981343150138855
        }
    ],
    "RenderedSST2": [
        {
            "acc/test/RenderedSST2": 0.6974189877510071,
            "loss/test/RenderedSST2": 1.129379153251648,
            "normalized_acc/test/RenderedSST2": 1.027508020401001
        }
    ],
    "avg": [
        {
            "acc/test/avg": 0.844079852104187,
            "normalized_acc/test/avg": 1.0128211677074432
        }
    ]
}