{
    "GTSRB": [
        {
            "acc/test/GTSRB": 0.9888361096382141,
            "loss/test/GTSRB": 0.04534102976322174,
            "normalized_acc/test/GTSRB": 0.9995198249816895
        }
    ],
    "RenderedSST2": [
        {
            "acc/test/RenderedSST2": 0.6891817450523376,
            "loss/test/RenderedSST2": 1.2631587982177734,
            "normalized_acc/test/RenderedSST2": 1.0153721570968628
        }
    ],
    "avg": [
        {
            "acc/test/avg": 0.8390089273452759,
            "normalized_acc/test/avg": 1.0074459910392761
        }
    ]
}