{
    "SVHN": [
        {
            "acc/test/SVHN": 0.9517132639884949,
            "loss/test/SVHN": 0.18315859138965607,
            "normalized_acc/test/SVHN": 0.9845413565635681
        }
    ],
    "KMNIST": [
        {
            "acc/test/KMNIST": 0.9527000188827515,
            "loss/test/KMNIST": 0.21038901805877686,
            "normalized_acc/test/KMNIST": 0.9708549976348877
        }
    ],
    "avg": [
        {
            "acc/test/avg": 0.9522066414356232,
            "normalized_acc/test/avg": 0.9776981770992279
        }
    ]
}