{
    "SVHN": [
        {
            "acc/test/SVHN": 0.9607022404670715,
            "loss/test/SVHN": 0.1644650250673294,
            "normalized_acc/test/SVHN": 0.9938403964042664
        }
    ],
    "PCAM": [
        {
            "acc/test/PCAM": 0.79241943359375,
            "loss/test/PCAM": 0.569434404373169,
            "normalized_acc/test/PCAM": 0.9186301827430725
        }
    ],
    "avg": [
        {
            "acc/test/avg": 0.8765608370304108,
            "normalized_acc/test/avg": 0.9562352895736694
        }
    ]
}