{
    "MNIST": [
        {
            "acc/test/MNIST": 0.9959999918937683,
            "loss/test/MNIST": 0.01754589006304741,
            "normalized_acc/test/MNIST": 1.001508355140686
        }
    ],
    "EMNIST": [
        {
            "acc/test/EMNIST": 0.996399998664856,
            "loss/test/EMNIST": 0.017165323719382286,
            "normalized_acc/test/EMNIST": 1.0019105672836304
        }
    ],
    "avg": [
        {
            "acc/test/avg": 0.9961999952793121,
            "normalized_acc/test/avg": 1.0017094612121582
        }
    ]
}