{
    "EuroSAT": [
        {
            "acc/test/EuroSAT": 0.9692592620849609,
            "loss/test/EuroSAT": 0.12345816940069199,
            "normalized_acc/test/EuroSAT": 0.9764925837516785
        }
    ],
    "KMNIST": [
        {
            "acc/test/KMNIST": 0.9768999814987183,
            "loss/test/KMNIST": 0.09209654480218887,
            "normalized_acc/test/KMNIST": 0.9955161213874817
        }
    ],
    "avg": [
        {
            "acc/test/avg": 0.9730796217918396,
            "normalized_acc/test/avg": 0.9860043525695801
        }
    ]
}