{
    "SVHN": [
        {
            "acc/test/SVHN": 0.9683850407600403,
            "loss/test/SVHN": 0.12439406663179398,
            "normalized_acc/test/SVHN": 1.0017882585525513
        }
    ],
    "Flowers102": [
        {
            "acc/test/Flowers102": 0.7323141694068909,
            "loss/test/Flowers102": 1.0214868783950806,
            "normalized_acc/test/Flowers102": 0.8148751258850098
        }
    ],
    "avg": [
        {
            "acc/test/avg": 0.8503496050834656,
            "normalized_acc/test/avg": 0.9083316922187805
        }
    ]
}