{
    "MNIST": [
        {
            "acc/test/MNIST": 0.9955000281333923,
            "loss/test/MNIST": 0.021047670394182205,
            "normalized_acc/test/MNIST": 1.0010055303573608
        }
    ],
    "Food101": [
        {
            "acc/test/Food101": 0.827168345451355,
            "loss/test/Food101": 0.7359668016433716,
            "normalized_acc/test/Food101": 0.9614251852035522
        }
    ],
    "avg": [
        {
            "acc/test/avg": 0.9113341867923737,
            "normalized_acc/test/avg": 0.9812153577804565
        }
    ]
}