{
    "GTSRB": [
        {
            "acc/test/GTSRB": 0.9844022393226624,
            "loss/test/GTSRB": 0.05982387065887451,
            "normalized_acc/test/GTSRB": 0.9950380325317383
        }
    ],
    "STL10": [
        {
            "acc/test/STL10": 0.972000002861023,
            "loss/test/STL10": 0.09672126919031143,
            "normalized_acc/test/STL10": 0.9964120984077454
        }
    ],
    "avg": [
        {
            "acc/test/avg": 0.9782011210918427,
            "normalized_acc/test/avg": 0.9957250654697418
        }
    ]
}