{
    "DTD": [
        {
            "acc/test/DTD": 0.7180851101875305,
            "loss/test/DTD": 1.1944228410720825,
            "normalized_acc/test/DTD": 0.9183673858642578
        }
    ],
    "KMNIST": [
        {
            "acc/test/KMNIST": 0.9782000184059143,
            "loss/test/KMNIST": 0.08818413317203522,
            "normalized_acc/test/KMNIST": 0.9968409538269043
        }
    ],
    "avg": [
        {
            "acc/test/avg": 0.8481425642967224,
            "normalized_acc/test/avg": 0.957604169845581
        }
    ]
}