{
    "MNIST": [
        {
            "acc/test/MNIST": 0.9927999973297119,
            "loss/test/MNIST": 0.028702862560749054,
            "normalized_acc/test/MNIST": 0.9982905983924866
        }
    ],
    "KMNIST": [
        {
            "acc/test/KMNIST": 0.9302999973297119,
            "loss/test/KMNIST": 0.3352513015270233,
            "normalized_acc/test/KMNIST": 0.9480281472206116
        }
    ],
    "avg": [
        {
            "acc/test/avg": 0.9615499973297119,
            "normalized_acc/test/avg": 0.9731593728065491
        }
    ]
}