{
    "EuroSAT": [
        {
            "acc/test/EuroSAT": 0.9914814829826355,
            "loss/test/EuroSAT": 0.03389177843928337,
            "normalized_acc/test/EuroSAT": 0.9988806247711182
        }
    ],
    "OxfordIIITPet": [
        {
            "acc/test/OxfordIIITPet": 0.9225947260856628,
            "loss/test/OxfordIIITPet": 0.3071560859680176,
            "normalized_acc/test/OxfordIIITPet": 0.995295524597168
        }
    ],
    "avg": [
        {
            "acc/test/avg": 0.9570381045341492,
            "normalized_acc/test/avg": 0.9970880746841431
        }
    ]
}