{
    "DTD": [
        {
            "acc/test/DTD": 0.6882978677749634,
            "loss/test/DTD": 1.2477236986160278,
            "normalized_acc/test/DTD": 0.8802720904350281
        }
    ],
    "FashionMNIST": [
        {
            "acc/test/FashionMNIST": 0.9405999779701233,
            "loss/test/FashionMNIST": 0.2211078554391861,
            "normalized_acc/test/FashionMNIST": 0.9989379048347473
        }
    ],
    "avg": [
        {
            "acc/test/avg": 0.8144489228725433,
            "normalized_acc/test/avg": 0.9396049976348877
        }
    ]
}