{
    "SVHN": [
        {
            "acc/test/SVHN": 0.9601644277572632,
            "loss/test/SVHN": 0.15641970932483673,
            "normalized_acc/test/SVHN": 0.9932840466499329
        }
    ],
    "FashionMNIST": [
        {
            "acc/test/FashionMNIST": 0.9300000071525574,
            "loss/test/FashionMNIST": 0.22279739379882812,
            "normalized_acc/test/FashionMNIST": 0.9876805543899536
        }
    ],
    "avg": [
        {
            "acc/test/avg": 0.9450822174549103,
            "normalized_acc/test/avg": 0.9904823005199432
        }
    ]
}