{
    "RESISC45": [
        {
            "acc/test/RESISC45": 0.9031745791435242,
            "loss/test/RESISC45": 0.35769930481910706,
            "normalized_acc/test/RESISC45": 0.9477015137672424
        }
    ],
    "SVHN": [
        {
            "acc/test/SVHN": 0.9689228534698486,
            "loss/test/SVHN": 0.12428638339042664,
            "normalized_acc/test/SVHN": 1.0023446083068848
        }
    ],
    "avg": [
        {
            "acc/test/avg": 0.9360487163066864,
            "normalized_acc/test/avg": 0.9750230610370636
        }
    ]
}