{
    "SUN397": [
        {
            "acc/test/SUN397": 0.7420151233673096,
            "loss/test/SUN397": 1.0197259187698364,
            "normalized_acc/test/SUN397": 0.990984320640564
        }
    ],
    "DTD": [
        {
            "acc/test/DTD": 0.7569149136543274,
            "loss/test/DTD": 1.085942029953003,
            "normalized_acc/test/DTD": 0.9680272340774536
        }
    ],
    "avg": [
        {
            "acc/test/avg": 0.7494650185108185,
            "normalized_acc/test/avg": 0.9795057773590088
        }
    ]
}