{
    "Cars": [
        {
            "acc/test/Cars": 0.6274095177650452,
            "loss/test/Cars": 1.4251890182495117,
            "normalized_acc/test/Cars": 0.7860704064369202
        }
    ],
    "CIFAR10": [
        {
            "acc/test/CIFAR10": 0.9708999991416931,
            "loss/test/CIFAR10": 0.12234783917665482,
            "normalized_acc/test/CIFAR10": 0.9954885244369507
        }
    ],
    "avg": [
        {
            "acc/test/avg": 0.7991547584533691,
            "normalized_acc/test/avg": 0.8907794654369354
        }
    ]
}