{
    "Cars": [
        {
            "acc/test/Cars": 0.7494092583656311,
            "loss/test/Cars": 0.8600370287895203,
            "normalized_acc/test/Cars": 0.9389217495918274
        }
    ],
    "STL10": [
        {
            "acc/test/STL10": 0.9787499904632568,
            "loss/test/STL10": 0.07749202102422714,
            "normalized_acc/test/STL10": 1.0033316612243652
        }
    ],
    "avg": [
        {
            "acc/test/avg": 0.864079624414444,
            "normalized_acc/test/avg": 0.9711267054080963
        }
    ]
}