{
    "SUN397": [
        {
            "acc/test/SUN397": 0.7150629758834839,
            "loss/test/SUN397": 1.1293776035308838,
            "normalized_acc/test/SUN397": 0.9549888968467712
        }
    ],
    "CIFAR100": [
        {
            "acc/test/CIFAR100": 0.8646000027656555,
            "loss/test/CIFAR100": 0.5725574493408203,
            "normalized_acc/test/CIFAR100": 0.9942502379417419
        }
    ],
    "avg": [
        {
            "acc/test/avg": 0.7898314893245697,
            "normalized_acc/test/avg": 0.9746195673942566
        }
    ]
}