{
  "arithmetic": {
    "right_subspace_overlap_top_k": {
      "r": 0.06202183798888676,
      "p": 0.3952754416446873,
      "n": 190
    },
    "right_subspace_overlap_bottom_k": {
      "r": 0.21072230165930983,
      "p": 0.0035196902437922587,
      "n": 190
    },
    "interaction_matrix_overlap_top_k": {
      "r": 0.07149370834933907,
      "p": 0.3269752355565203,
      "n": 190
    },
    "interaction_matrix_overlap_bottom_k": {
      "r": 0.2088439621351122,
      "p": 0.0038319483250163267,
      "n": 190
    },
    "effective_rank": {
      "r": -0.008876099410329373,
      "p": 0.9032604766088473,
      "n": 190
    },
    "effective_rank_mergeability_score": {
      "r": 0.008876099410329363,
      "p": 0.9032604766088473,
      "n": 190
    },
    "stable_rank": {
      "r": -0.01352350288994019,
      "p": 0.8530823729743403,
      "n": 190
    },
    "spectral_gap": {
      "r": 0.03229907352639487,
      "p": 0.6582073540374872,
      "n": 190
    },
    "singular_value_ratio": {
      "r": -0.03229908306601993,
      "p": 0.658207259453995,
      "n": 190
    },
    "layerwise_effective_rank": {
      "r": 0.014981323428125325,
      "p": 0.8374532911217688,
      "n": 190
    },
    "layerwise_effective_rank_mergeability_score": {
      "r": -0.014981323428125337,
      "p": 0.8374532911217688,
      "n": 190
    },
    "task_vector_cosine_similarity": {
      "r": 0.015021670085034765,
      "p": 0.8370216144585759,
      "n": 190
    },
    "task_vector_l2_distance": {
      "r": -0.07859073266792674,
      "p": 0.28111504049524433,
      "n": 190
    },
    "task_vector_dot_product": {
      "r": -0.01544894221633554,
      "p": 0.8324531589940942,
      "n": 190
    },
    "weight_space_angle": {
      "r": -0.016986649324691336,
      "p": 0.8160592308287464,
      "n": 190
    },
    "task_vector_magnitude_ratio": {
      "r": -0.03717848418673952,
      "p": 0.6105669101486605,
      "n": 190
    },
    "singular_value_overlap": {
      "r": -0.16664108612894132,
      "p": 0.021566211530948683,
      "n": 190
    },
    "subspace_overlap": {
      "r": 0.092892968644807,
      "p": 0.20239781915567895,
      "n": 190
    },
    "right_subspace_overlap": {
      "r": 0.062021870345340936,
      "p": 0.39527519462218014,
      "n": 190
    },
    "activation_l2_distance": {
      "r": -0.1666184869665727,
      "p": 0.021584210184652626,
      "n": 190
    },
    "activation_cosine_similarity": {
      "r": 0.14594708764852796,
      "p": 0.044511915797480046,
      "n": 190
    },
    "activation_magnitude_ratio": {
      "r": 0.05014888108291386,
      "p": 0.49200359585301234,
      "n": 190
    },
    "activation_dot_product": {
      "r": 0.09363122629088086,
      "p": 0.19881838560719525,
      "n": 190
    },
    "encoder_gradient_cosine_similarity": {
      "r": 0.011756831021736885,
      "p": 0.8720989997586577,
      "n": 190
    },
    "encoder_gradient_l2_distance": {
      "r": -0.0990064635482423,
      "p": 0.17413209563063922,
      "n": 190
    },
    "encoder_gradient_dot_product": {
      "r": 0.0612224460604229,
      "p": 0.4026649413124193,
      "n": 189
    },
    "input_gradient_cosine_similarity": {
      "r": -0.03492648268411161,
      "p": 0.633276674139872,
      "n": 189
    },
    "input_gradient_l2_distance": {
      "r": -0.1618632082465889,
      "p": 0.025671803291000286,
      "n": 190
    },
    "input_gradient_dot_product": {
      "r": -0.06699002949977996,
      "p": 0.3597296544906482,
      "n": 189
    }
  },
  "weight_avg": {
    "right_subspace_overlap_top_k": {
      "r": -0.050764571315718036,
      "p": 0.48669664141346924,
      "n": 190
    },
    "right_subspace_overlap_bottom_k": {
      "r": 0.008685929727274451,
      "p": 0.9053233294109949,
      "n": 190
    },
    "interaction_matrix_overlap_top_k": {
      "r": 0.005549900929047518,
      "p": 0.9394223848916395,
      "n": 190
    },
    "interaction_matrix_overlap_bottom_k": {
      "r": 0.005971758690450701,
      "p": 0.9348275862217419,
      "n": 190
    },
    "effective_rank": {
      "r": 0.11602685934592075,
      "p": 0.11090135381415261,
      "n": 190
    },
    "effective_rank_mergeability_score": {
      "r": -0.11602685934592076,
      "p": 0.11090135381415261,
      "n": 190
    },
    "stable_rank": {
      "r": 0.10393307248893688,
      "p": 0.15357055656550403,
      "n": 190
    },
    "spectral_gap": {
      "r": -0.06459867534439617,
      "p": 0.3758974365962327,
      "n": 190
    },
    "singular_value_ratio": {
      "r": 0.06459867451573972,
      "p": 0.3758974427327066,
      "n": 190
    },
    "layerwise_effective_rank": {
      "r": 0.136052337474358,
      "p": 0.061249625825562225,
      "n": 190
    },
    "layerwise_effective_rank_mergeability_score": {
      "r": -0.13605233747435802,
      "p": 0.061249625825562225,
      "n": 190
    },
    "task_vector_cosine_similarity": {
      "r": 0.03027437234890997,
      "p": 0.678401998206311,
      "n": 190
    },
    "task_vector_l2_distance": {
      "r": -0.07919824095547041,
      "p": 0.2774013052767725,
      "n": 190
    },
    "task_vector_dot_product": {
      "r": 0.02042911902667982,
      "p": 0.7796563196194748,
      "n": 190
    },
    "weight_space_angle": {
      "r": -0.032205319625690065,
      "p": 0.6591371672563112,
      "n": 190
    },
    "task_vector_magnitude_ratio": {
      "r": 0.05656010175439799,
      "p": 0.4382786695588362,
      "n": 190
    },
    "singular_value_overlap": {
      "r": -0.16431115222040385,
      "p": 0.023491444869370482,
      "n": 190
    },
    "subspace_overlap": {
      "r": -0.006581546942377392,
      "p": 0.9281897267545937,
      "n": 190
    },
    "right_subspace_overlap": {
      "r": -0.05076450223710059,
      "p": 0.4866972351117181,
      "n": 190
    },
    "activation_l2_distance": {
      "r": -0.31311498722840103,
      "p": 1.0893746545272726e-05,
      "n": 190
    },
    "activation_cosine_similarity": {
      "r": 0.3658789323839286,
      "p": 2.0900959792810558e-07,
      "n": 190
    },
    "activation_magnitude_ratio": {
      "r": -0.0014889632172117133,
      "p": 0.9837334447842386,
      "n": 190
    },
    "activation_dot_product": {
      "r": 0.4504512883877111,
      "p": 6.981565417758942e-11,
      "n": 190
    },
    "encoder_gradient_cosine_similarity": {
      "r": 0.0856434718535587,
      "p": 0.24004129072827018,
      "n": 190
    },
    "encoder_gradient_l2_distance": {
      "r": -0.25717727517621464,
      "p": 0.0003409853333066204,
      "n": 190
    },
    "encoder_gradient_dot_product": {
      "r": 0.0818724359726263,
      "p": 0.26272471379996126,
      "n": 189
    },
    "input_gradient_cosine_similarity": {
      "r": -0.02049419834406,
      "p": 0.7795473708958468,
      "n": 189
    },
    "input_gradient_l2_distance": {
      "r": -0.32172282810222386,
      "p": 6.002441123395459e-06,
      "n": 190
    },
    "input_gradient_dot_product": {
      "r": -0.08300731085722174,
      "p": 0.25614399357649387,
      "n": 189
    }
  },
  "isotropic": {
    "right_subspace_overlap_top_k": {
      "r": 0.06029227064354799,
      "p": 0.41621194475640944,
      "n": 184
    },
    "right_subspace_overlap_bottom_k": {
      "r": 0.31925911007737917,
      "p": 9.994918157669268e-06,
      "n": 184
    },
    "interaction_matrix_overlap_top_k": {
      "r": 0.03956742443974236,
      "p": 0.5938467442935326,
      "n": 184
    },
    "interaction_matrix_overlap_bottom_k": {
      "r": 0.311863981463523,
      "p": 1.6364548343613555e-05,
      "n": 184
    },
    "effective_rank": {
      "r": -0.06362549550928391,
      "p": 0.3908668248824233,
      "n": 184
    },
    "effective_rank_mergeability_score": {
      "r": 0.06362549550928391,
      "p": 0.3908668248824233,
      "n": 184
    },
    "stable_rank": {
      "r": -0.06777070651507686,
      "p": 0.3606783540650893,
      "n": 184
    },