{
    "SVHN": [
        {
            "acc/test/SVHN": 0.7110095024108887,
            "loss/test/SVHN": 1.0571343898773193,
            "normalized_acc/test/SVHN": 0.7355348467826843
        }
    ],
    "FashionMNIST": [
        {
            "acc/test/FashionMNIST": 0.8256000280380249,
            "loss/test/FashionMNIST": 0.49496743083000183,
            "normalized_acc/test/FashionMNIST": 0.8768054246902466
        }
    ],
    "avg": [
        {
            "acc/test/avg": 0.7683047652244568,
            "normalized_acc/test/avg": 0.8061701357364655
        }
    ]
}