{
    "GTSRB": [
        {
            "acc/test/GTSRB": 0.6273950934410095,
            "loss/test/GTSRB": 1.372936725616455,
            "normalized_acc/test/GTSRB": 0.6341736912727356
        }
    ],
    "STL10": [
        {
            "acc/test/STL10": 0.9800000190734863,
            "loss/test/STL10": 0.06782535463571548,
            "normalized_acc/test/STL10": 1.0046130418777466
        }
    ],
    "avg": [
        {
            "acc/test/avg": 0.8036975562572479,
            "normalized_acc/test/avg": 0.8193933665752411
        }
    ]
}