{
    "SVHN": [
        {
            "acc/test/SVHN": 0.7215734720230103,
            "loss/test/SVHN": 1.0580836534500122,
            "normalized_acc/test/SVHN": 0.7464631795883179
        }
    ],
    "PCAM": [
        {
            "acc/test/PCAM": 0.7978515625,
            "loss/test/PCAM": 0.4886617362499237,
            "normalized_acc/test/PCAM": 0.9249274730682373
        }
    ],
    "avg": [
        {
            "acc/test/avg": 0.7597125172615051,
            "normalized_acc/test/avg": 0.8356953263282776
        }
    ]
}