{
    "SUN397": [
        {
            "acc/test/SUN397": 0.7052896618843079,
            "loss/test/SUN397": 1.0203649997711182,
            "normalized_acc/test/SUN397": 0.9419363141059875
        }
    ],
    "GTSRB": [
        {
            "acc/test/GTSRB": 0.788202702999115,
            "loss/test/GTSRB": 0.9011512994766235,
            "normalized_acc/test/GTSRB": 0.7967187166213989
        }
    ],
    "avg": [
        {
            "acc/test/avg": 0.7467461824417114,
            "normalized_acc/test/avg": 0.8693275153636932
        }
    ]
}