{
    "SVHN": [
        {
            "acc/test/SVHN": 0.6405577659606934,
            "loss/test/SVHN": 1.2647533416748047,
            "normalized_acc/test/SVHN": 0.6626529693603516
        }
    ],
    "Flowers102": [
        {
            "acc/test/Flowers102": 0.8198081254959106,
            "loss/test/Flowers102": 0.7307835817337036,
            "normalized_acc/test/Flowers102": 0.9122331142425537
        }
    ],
    "avg": [
        {
            "acc/test/avg": 0.730182945728302,
            "normalized_acc/test/avg": 0.7874430418014526
        }
    ]
}