{
    "RESISC45": [
        {
            "acc/test/RESISC45": 0.8122222423553467,
            "loss/test/RESISC45": 0.6191630363464355,
            "normalized_acc/test/RESISC45": 0.8522651791572571
        }
    ],
    "EMNIST": [
        {
            "acc/test/EMNIST": 0.8526999950408936,
            "loss/test/EMNIST": 0.8674516677856445,
            "normalized_acc/test/EMNIST": 0.8574157953262329
        }
    ],
    "avg": [
        {
            "acc/test/avg": 0.8324611186981201,
            "normalized_acc/test/avg": 0.854840487241745
        }
    ]
}