{
    "SVHN": [
        {
            "acc/test/SVHN": 0.6709818840026855,
            "loss/test/SVHN": 1.154784083366394,
            "normalized_acc/test/SVHN": 0.694126546382904
        }
    ],
    "GTSRB": [
        {
            "acc/test/GTSRB": 0.7421219348907471,
            "loss/test/GTSRB": 1.0259144306182861,
            "normalized_acc/test/GTSRB": 0.7501400709152222
        }
    ],
    "avg": [
        {
            "acc/test/avg": 0.7065519094467163,
            "normalized_acc/test/avg": 0.7221333086490631
        }
    ]
}