{
    "MNIST": [
        {
            "acc/test/MNIST": 0.8550999760627747,
            "loss/test/MNIST": 0.8976958990097046,
            "normalized_acc/test/MNIST": 0.8598290681838989
        }
    ],
    "OxfordIIITPet": [
        {
            "acc/test/OxfordIIITPet": 0.8866176009178162,
            "loss/test/OxfordIIITPet": 0.3451537489891052,
            "normalized_acc/test/OxfordIIITPet": 0.9564833641052246
        }
    ],
    "avg": [
        {
            "acc/test/avg": 0.8708587884902954,
            "normalized_acc/test/avg": 0.9081562161445618
        }
    ]
}