{
    "SUN397": [
        {
            "acc/test/SUN397": 0.6964231729507446,
            "loss/test/SUN397": 1.0518192052841187,
            "normalized_acc/test/SUN397": 0.930094838142395
        }
    ],
    "OxfordIIITPet": [
        {
            "acc/test/OxfordIIITPet": 0.9037885069847107,
            "loss/test/OxfordIIITPet": 0.2967846095561981,
            "normalized_acc/test/OxfordIIITPet": 0.9750073552131653
        }
    ],
    "avg": [
        {
            "acc/test/avg": 0.8001058399677277,
            "normalized_acc/test/avg": 0.9525510966777802
        }
    ]
}