{
    "MNIST": [
        {
            "acc/test/MNIST": 0.945900022983551,
            "loss/test/MNIST": 0.4056495130062103,
            "normalized_acc/test/MNIST": 0.951131284236908
        }
    ],
    "Food101": [
        {
            "acc/test/Food101": 0.8615841865539551,
            "loss/test/Food101": 0.4772762954235077,
            "normalized_acc/test/Food101": 1.0014270544052124
        }
    ],
    "avg": [
        {
            "acc/test/avg": 0.903742104768753,
            "normalized_acc/test/avg": 0.9762791693210602
        }
    ]
}