{
    "Cars": [
        {
            "acc/test/Cars": 0.691953718662262,
            "loss/test/Cars": 0.9509973526000977,
            "normalized_acc/test/Cars": 0.8669367432594299
        }
    ],
    "OxfordIIITPet": [
        {
            "acc/test/OxfordIIITPet": 0.9029708504676819,
            "loss/test/OxfordIIITPet": 0.2933492660522461,
            "normalized_acc/test/OxfordIIITPet": 0.9741252660751343
        }
    ],
    "avg": [
        {
            "acc/test/avg": 0.7974622845649719,
            "normalized_acc/test/avg": 0.9205310046672821
        }
    ]
}