{
    "EuroSAT": [
        {
            "acc/test/EuroSAT": 0.863703727722168,
            "loss/test/EuroSAT": 0.40554338693618774,
            "normalized_acc/test/EuroSAT": 0.8701493144035339
        }
    ],
    "GTSRB": [
        {
            "acc/test/GTSRB": 0.6646872758865356,
            "loss/test/GTSRB": 1.2847788333892822,
            "normalized_acc/test/GTSRB": 0.6718688011169434
        }
    ],
    "avg": [
        {
            "acc/test/avg": 0.7641955018043518,
            "normalized_acc/test/avg": 0.7710090577602386
        }
    ]
}