{
    "SUN397": [
        {
            "acc/test/SUN397": 0.7061461210250854,
            "loss/test/SUN397": 1.0111260414123535,
            "normalized_acc/test/SUN397": 0.9430801272392273
        }
    ],
    "SVHN": [
        {
            "acc/test/SVHN": 0.7009834051132202,
            "loss/test/SVHN": 1.0689232349395752,
            "normalized_acc/test/SVHN": 0.725162923336029
        }
    ],
    "avg": [
        {
            "acc/test/avg": 0.7035647630691528,
            "normalized_acc/test/avg": 0.8341215252876282
        }
    ]
}