{
    "RESISC45": [
        {
            "acc/test/RESISC45": 0.7992063760757446,
            "loss/test/RESISC45": 0.6573542356491089,
            "normalized_acc/test/RESISC45": 0.8386076092720032
        }
    ],
    "DTD": [
        {
            "acc/test/DTD": 0.589893639087677,
            "loss/test/DTD": 1.4647974967956543,
            "normalized_acc/test/DTD": 0.7544218301773071
        }
    ],
    "avg": [
        {
            "acc/test/avg": 0.6945500075817108,
            "normalized_acc/test/avg": 0.7965147197246552
        }
    ]
}