{
    "RESISC45": [
        {
            "acc/test/RESISC45": 0.8692063689231873,
            "loss/test/RESISC45": 0.4377540349960327,
            "normalized_acc/test/RESISC45": 0.9120586514472961
        }
    ],
    "CIFAR100": [
        {
            "acc/test/CIFAR100": 0.791700005531311,
            "loss/test/CIFAR100": 0.7443059086799622,
            "normalized_acc/test/CIFAR100": 0.9104185700416565
        }
    ],
    "avg": [
        {
            "acc/test/avg": 0.8304531872272491,
            "normalized_acc/test/avg": 0.9112386107444763
        }
    ]
}