{
    "SUN397": [
        {
            "acc/test/SUN397": 0.7042317390441895,
            "loss/test/SUN397": 1.019583821296692,
            "normalized_acc/test/SUN397": 0.9405234456062317
        }
    ],
    "MNIST": [
        {
            "acc/test/MNIST": 0.9162999987602234,
            "loss/test/MNIST": 0.58580082654953,
            "normalized_acc/test/MNIST": 0.9213675260543823
        }
    ],
    "avg": [
        {
            "acc/test/avg": 0.8102658689022064,
            "normalized_acc/test/avg": 0.930945485830307
        }
    ]
}