{
    "Cars": [
        {
            "acc/test/Cars": 0.7163287997245789,
            "loss/test/Cars": 0.8769564032554626,
            "normalized_acc/test/Cars": 0.8974758386611938
        }
    ],
    "KMNIST": [
        {
            "acc/test/KMNIST": 0.26420000195503235,
            "loss/test/KMNIST": 2.1016085147857666,
            "normalized_acc/test/KMNIST": 0.26923468708992004
        }
    ],
    "avg": [
        {
            "acc/test/avg": 0.4902644008398056,
            "normalized_acc/test/avg": 0.583355262875557
        }
    ]
}