{
    "Cars": [
        {
            "acc/test/Cars": 0.6990423798561096,
            "loss/test/Cars": 0.9267237186431885,
            "normalized_acc/test/Cars": 0.8758180141448975
        }
    ],
    "RESISC45": [
        {
            "acc/test/RESISC45": 0.8649206161499023,
            "loss/test/RESISC45": 0.4528999328613281,
            "normalized_acc/test/RESISC45": 0.9075616002082825
        }
    ],
    "avg": [
        {
            "acc/test/avg": 0.781981498003006,
            "normalized_acc/test/avg": 0.89168980717659
        }
    ]
}