{
    "Cars": [
        {
            "acc/test/Cars": 0.693321704864502,
            "loss/test/Cars": 0.9488344192504883,
            "normalized_acc/test/Cars": 0.8686506748199463
        }
    ],
    "Flowers102": [
        {
            "acc/test/Flowers102": 0.8287526369094849,
            "loss/test/Flowers102": 0.686982274055481,
            "normalized_acc/test/Flowers102": 0.922186017036438
        }
    ],
    "avg": [
        {
            "acc/test/avg": 0.7610371708869934,
            "normalized_acc/test/avg": 0.8954183459281921
        }
    ]
}