{
    "SUN397": [
        {
            "acc/test/SUN397": 0.6966246962547302,
            "loss/test/SUN397": 1.0495508909225464,
            "normalized_acc/test/SUN397": 0.9303639531135559
        }
    ],
    "Flowers102": [
        {
            "acc/test/Flowers102": 0.8196454644203186,
            "loss/test/Flowers102": 0.7451381683349609,
            "normalized_acc/test/Flowers102": 0.9120520949363708
        }
    ],
    "avg": [
        {
            "acc/test/avg": 0.7581350803375244,
            "normalized_acc/test/avg": 0.9212080240249634
        }
    ]
}