{
    "SUN397": [
        {
            "acc/test/SUN397": 0.7067002654075623,
            "loss/test/SUN397": 1.0054640769958496,
            "normalized_acc/test/SUN397": 0.9438202381134033
        }
    ],
    "FashionMNIST": [
        {
            "acc/test/FashionMNIST": 0.8346999883651733,
            "loss/test/FashionMNIST": 0.48983827233314514,
            "normalized_acc/test/FashionMNIST": 0.8864697813987732
        }
    ],
    "avg": [
        {
            "acc/test/avg": 0.7707001268863678,
            "normalized_acc/test/avg": 0.9151450097560883
        }
    ]
}