{
    "Cars": [
        {
            "acc/test/Cars": 0.7159557342529297,
            "loss/test/Cars": 0.8835713267326355,
            "normalized_acc/test/Cars": 0.8970084190368652
        }
    ],
    "FER2013": [
        {
            "acc/test/FER2013": 0.6166062951087952,
            "loss/test/FER2013": 1.1166672706604004,
            "normalized_acc/test/FER2013": 0.8649598956108093
        }
    ],
    "avg": [
        {
            "acc/test/avg": 0.6662810146808624,
            "normalized_acc/test/avg": 0.8809841573238373
        }
    ]
}