{
    "EuroSAT": [
        {
            "acc/test/EuroSAT": 0.9381481409072876,
            "loss/test/EuroSAT": 0.22105596959590912,
            "normalized_acc/test/EuroSAT": 0.9451492428779602
        }
    ],
    "Food101": [
        {
            "acc/test/Food101": 0.8579009771347046,
            "loss/test/Food101": 0.48879098892211914,
            "normalized_acc/test/Food101": 0.9971460103988647
        }
    ],
    "avg": [
        {
            "acc/test/avg": 0.8980245590209961,
            "normalized_acc/test/avg": 0.9711476266384125
        }
    ]
}