{
    "EuroSAT": [
        {
            "acc/test/EuroSAT": 0.8211110830307007,
            "loss/test/EuroSAT": 0.5158042907714844,
            "normalized_acc/test/EuroSAT": 0.8272387981414795
        }
    ],
    "STL10": [
        {
            "acc/test/STL10": 0.9797499775886536,
            "loss/test/STL10": 0.0747421383857727,
            "normalized_acc/test/STL10": 1.0043567419052124
        }
    ],
    "avg": [
        {
            "acc/test/avg": 0.9004305303096771,
            "normalized_acc/test/avg": 0.915797770023346
        }
    ]
}