{
    "GTSRB": [
        {
            "acc/test/GTSRB": 0.6574822068214417,
            "loss/test/GTSRB": 1.2597837448120117,
            "normalized_acc/test/GTSRB": 0.6645858883857727
        }
    ],
    "EMNIST": [
        {
            "acc/test/EMNIST": 0.8342000246047974,
            "loss/test/EMNIST": 0.9462222456932068,
            "normalized_acc/test/EMNIST": 0.8388135433197021
        }
    ],
    "avg": [
        {
            "acc/test/avg": 0.7458411157131195,
            "normalized_acc/test/avg": 0.7516997158527374
        }
    ]
}