{
    "SVHN": [
        {
            "acc/test/SVHN": 0.6924938559532166,
            "loss/test/SVHN": 1.0808351039886475,
            "normalized_acc/test/SVHN": 0.7163805365562439
        }
    ],
    "KMNIST": [
        {
            "acc/test/KMNIST": 0.21040000021457672,
            "loss/test/KMNIST": 2.1787095069885254,
            "normalized_acc/test/KMNIST": 0.2144094556570053
        }
    ],
    "avg": [
        {
            "acc/test/avg": 0.45144692808389664,
            "normalized_acc/test/avg": 0.4653949961066246
        }
    ]
}