{
    "SUN397": [
        {
            "acc/test/SUN397": 0.7111839056015015,
            "loss/test/SUN397": 0.9891740679740906,
            "normalized_acc/test/SUN397": 0.9498082399368286
        }
    ],
    "KMNIST": [
        {
            "acc/test/KMNIST": 0.23170000314712524,
            "loss/test/KMNIST": 2.133662700653076,
            "normalized_acc/test/KMNIST": 0.23611536622047424
        }
    ],
    "avg": [
        {
            "acc/test/avg": 0.47144195437431335,
            "normalized_acc/test/avg": 0.5929618030786514
        }
    ]
}