{
    "GTSRB": [
        {
            "acc/test/GTSRB": 0.6588281989097595,
            "loss/test/GTSRB": 1.2990868091583252,
            "normalized_acc/test/GTSRB": 0.6659464240074158
        }
    ],
    "OxfordIIITPet": [
        {
            "acc/test/OxfordIIITPet": 0.8857999444007874,
            "loss/test/OxfordIIITPet": 0.3474794626235962,
            "normalized_acc/test/OxfordIIITPet": 0.9556012749671936
        }
    ],
    "avg": [
        {
            "acc/test/avg": 0.7723140716552734,
            "normalized_acc/test/avg": 0.8107738494873047
        }
    ]
}