{
    "GTSRB": [
        {
            "acc/test/GTSRB": 0.7384006381034851,
            "loss/test/GTSRB": 1.0918489694595337,
            "normalized_acc/test/GTSRB": 0.7463785409927368
        }
    ],
    "PCAM": [
        {
            "acc/test/PCAM": 0.74664306640625,
            "loss/test/PCAM": 0.5279041528701782,
            "normalized_acc/test/PCAM": 0.8655628561973572
        }
    ],
    "avg": [
        {
            "acc/test/avg": 0.7425218522548676,
            "normalized_acc/test/avg": 0.805970698595047
        }
    ]
}