{
    "GTSRB": [
        {
            "acc/test/GTSRB": 0.6394299268722534,
            "loss/test/GTSRB": 1.34201180934906,
            "normalized_acc/test/GTSRB": 0.6463385224342346
        }
    ],
    "Flowers102": [
        {
            "acc/test/Flowers102": 0.7871198654174805,
            "loss/test/Flowers102": 0.8854267597198486,
            "normalized_acc/test/Flowers102": 0.8758595585823059
        }
    ],
    "avg": [
        {
            "acc/test/avg": 0.7132748961448669,
            "normalized_acc/test/avg": 0.7610990405082703
        }
    ]
}