{
    "SUN397": [
        {
            "acc/test/SUN397": 0.7092695236206055,
            "loss/test/SUN397": 0.9925151467323303,
            "normalized_acc/test/SUN397": 0.947251558303833
        }
    ],
    "FER2013": [
        {
            "acc/test/FER2013": 0.6054611206054688,
            "loss/test/FER2013": 1.1332497596740723,
            "normalized_acc/test/FER2013": 0.8493257164955139
        }
    ],
    "avg": [
        {
            "acc/test/avg": 0.6573653221130371,
            "normalized_acc/test/avg": 0.8982886373996735
        }
    ]
}