{
    "EuroSAT": [
        {
            "acc/test/EuroSAT": 0.9174073934555054,
            "loss/test/EuroSAT": 0.2909798324108124,
            "normalized_acc/test/EuroSAT": 0.9242537617683411
        }
    ],
    "KMNIST": [
        {
            "acc/test/KMNIST": 0.17219999432563782,
            "loss/test/KMNIST": 2.229283332824707,
            "normalized_acc/test/KMNIST": 0.17548149824142456
        }
    ],
    "avg": [
        {
            "acc/test/avg": 0.5448036938905716,
            "normalized_acc/test/avg": 0.5498676300048828
        }
    ]
}