{
    "Cars": [
        {
            "acc/test/Cars": 0.6795174479484558,
            "loss/test/Cars": 0.9912286400794983,
            "normalized_acc/test/Cars": 0.8513555526733398
        }
    ],
    "STL10": [
        {
            "acc/test/STL10": 0.9815000295639038,
            "loss/test/STL10": 0.060846272855997086,
            "normalized_acc/test/STL10": 1.006150722503662
        }
    ],
    "avg": [
        {
            "acc/test/avg": 0.8305087387561798,
            "normalized_acc/test/avg": 0.928753137588501
        }
    ]
}