{
    "DTD": [
        {
            "acc/test/DTD": 0.5553191304206848,
            "loss/test/DTD": 1.603882074356079,
            "normalized_acc/test/DTD": 0.7102040648460388
        }
    ],
    "OxfordIIITPet": [
        {
            "acc/test/OxfordIIITPet": 0.8754429221153259,
            "loss/test/OxfordIIITPet": 0.37322351336479187,
            "normalized_acc/test/OxfordIIITPet": 0.9444281458854675
        }
    ],
    "avg": [
        {
            "acc/test/avg": 0.7153810262680054,
            "normalized_acc/test/avg": 0.8273161053657532
        }
    ]
}