{
    "SVHN": [
        {
            "acc/test/SVHN": 0.6773586273193359,
            "loss/test/SVHN": 1.1962175369262695,
            "normalized_acc/test/SVHN": 0.7007232308387756
        }
    ],
    "CIFAR10": [
        {
            "acc/test/CIFAR10": 0.9563000202178955,
            "loss/test/CIFAR10": 0.13789579272270203,
            "normalized_acc/test/CIFAR10": 0.9805188179016113
        }
    ],
    "avg": [
        {
            "acc/test/avg": 0.8168293237686157,
            "normalized_acc/test/avg": 0.8406210243701935
        }
    ]
}