{
    "SVHN": [
        {
            "acc/test/SVHN": 0.6967962384223938,
            "loss/test/SVHN": 1.0387892723083496,
            "normalized_acc/test/SVHN": 0.7208313345909119
        }
    ],
    "MNIST": [
        {
            "acc/test/MNIST": 0.9067999720573425,
            "loss/test/MNIST": 0.6474032998085022,
            "normalized_acc/test/MNIST": 0.9118149876594543
        }
    ],
    "avg": [
        {
            "acc/test/avg": 0.8017981052398682,
            "normalized_acc/test/avg": 0.8163231611251831
        }
    ]
}