{
    "GTSRB": [
        {
            "acc/test/GTSRB": 0.7850356101989746,
            "loss/test/GTSRB": 0.9042194485664368,
            "normalized_acc/test/GTSRB": 0.7935174107551575
        }
    ],
    "FashionMNIST": [
        {
            "acc/test/FashionMNIST": 0.8048999905586243,
            "loss/test/FashionMNIST": 0.5942696332931519,
            "normalized_acc/test/FashionMNIST": 0.8548215627670288
        }
    ],
    "avg": [
        {
            "acc/test/avg": 0.7949678003787994,
            "normalized_acc/test/avg": 0.8241694867610931
        }
    ]
}