{
    "EuroSAT": [
        {
            "acc/test/EuroSAT": 0.8303703665733337,
            "loss/test/EuroSAT": 0.5035876631736755,
            "normalized_acc/test/EuroSAT": 0.8365671634674072
        }
    ],
    "Flowers102": [
        {
            "acc/test/Flowers102": 0.7624003887176514,
            "loss/test/Flowers102": 0.9866663217544556,
            "normalized_acc/test/Flowers102": 0.8483532071113586
        }
    ],
    "avg": [
        {
            "acc/test/avg": 0.7963853776454926,
            "normalized_acc/test/avg": 0.8424601852893829
        }
    ]
}