{
    "MNIST": [
        {
            "acc/test/MNIST": 0.8345999717712402,
            "loss/test/MNIST": 0.9543065428733826,
            "normalized_acc/test/MNIST": 0.8392156958580017
        }
    ],
    "Flowers102": [
        {
            "acc/test/Flowers102": 0.802406907081604,
            "loss/test/Flowers102": 0.8120120167732239,
            "normalized_acc/test/Flowers102": 0.8928700685501099
        }
    ],
    "avg": [
        {
            "acc/test/avg": 0.8185034394264221,
            "normalized_acc/test/avg": 0.8660428822040558
        }
    ]
}