{
    "Cars": [
        {
            "acc/test/Cars": 0.6996642351150513,
            "loss/test/Cars": 0.9316344857215881,
            "normalized_acc/test/Cars": 0.8765971064567566
        }
    ],
    "RenderedSST2": [
        {
            "acc/test/RenderedSST2": 0.6853377223014832,
            "loss/test/RenderedSST2": 0.5970866084098816,
            "normalized_acc/test/RenderedSST2": 1.0097087621688843
        }
    ],
    "avg": [
        {
            "acc/test/avg": 0.6925009787082672,
            "normalized_acc/test/avg": 0.9431529343128204
        }
    ]
}