{
    "RESISC45": [
        {
            "acc/test/RESISC45": 0.7780952453613281,
            "loss/test/RESISC45": 0.7254341244697571,
            "normalized_acc/test/RESISC45": 0.8164557218551636
        }
    ],
    "OxfordIIITPet": [
        {
            "acc/test/OxfordIIITPet": 0.8822567462921143,
            "loss/test/OxfordIIITPet": 0.34635239839553833,
            "normalized_acc/test/OxfordIIITPet": 0.9517788887023926
        }
    ],
    "avg": [
        {
            "acc/test/avg": 0.8301759958267212,
            "normalized_acc/test/avg": 0.8841173052787781
        }
    ]
}