{
    "SVHN": [
        {
            "acc/test/SVHN": 0.6662185192108154,
            "loss/test/SVHN": 1.1936602592468262,
            "normalized_acc/test/SVHN": 0.6891988515853882
        }
    ],
    "DTD": [
        {
            "acc/test/DTD": 0.6473404169082642,
            "loss/test/DTD": 1.2867542505264282,
            "normalized_acc/test/DTD": 0.8278911709785461
        }
    ],
    "avg": [
        {
            "acc/test/avg": 0.6567794680595398,
            "normalized_acc/test/avg": 0.7585450112819672
        }
    ]
}