{
    "SUN397": [
        {
            "acc/test/SUN397": 0.7165239453315735,
            "loss/test/SUN397": 0.9805768132209778,
            "normalized_acc/test/SUN397": 0.9569400548934937
        }
    ],
    "CIFAR100": [
        {
            "acc/test/CIFAR100": 0.8012999892234802,
            "loss/test/CIFAR100": 0.6930701732635498,
            "normalized_acc/test/CIFAR100": 0.9214581251144409
        }
    ],
    "avg": [
        {
            "acc/test/avg": 0.7589119672775269,
            "normalized_acc/test/avg": 0.9391990900039673
        }
    ]
}