{
    "EuroSAT": [
        {
            "acc/test/EuroSAT": 0.860370397567749,
            "loss/test/EuroSAT": 0.4339841902256012,
            "normalized_acc/test/EuroSAT": 0.8667910695075989
        }
    ],
    "DTD": [
        {
            "acc/test/DTD": 0.5792553424835205,
            "loss/test/DTD": 1.5472137928009033,
            "normalized_acc/test/DTD": 0.7408163547515869
        }
    ],
    "avg": [
        {
            "acc/test/avg": 0.7198128700256348,
            "normalized_acc/test/avg": 0.8038037121295929
        }
    ]
}