{
    "DTD": [
        {
            "acc/test/DTD": 0.6627659797668457,
            "loss/test/DTD": 1.2489185333251953,
            "normalized_acc/test/DTD": 0.8476190567016602
        }
    ],
    "CIFAR100": [
        {
            "acc/test/CIFAR100": 0.7904000282287598,
            "loss/test/CIFAR100": 0.750868558883667,
            "normalized_acc/test/CIFAR100": 0.9089236855506897
        }
    ],
    "avg": [
        {
            "acc/test/avg": 0.7265830039978027,
            "normalized_acc/test/avg": 0.8782713711261749
        }
    ]
}