{
    "MNIST": [
        {
            "acc/test/MNIST": 0.9035999774932861,
            "loss/test/MNIST": 0.699544370174408,
            "normalized_acc/test/MNIST": 0.9085972905158997
        }
    ],
    "FashionMNIST": [
        {
            "acc/test/FashionMNIST": 0.7990999817848206,
            "loss/test/FashionMNIST": 0.5872768759727478,
            "normalized_acc/test/FashionMNIST": 0.8486618399620056
        }
    ],
    "avg": [
        {
            "acc/test/avg": 0.8513499796390533,
            "normalized_acc/test/avg": 0.8786295652389526
        }
    ]
}