{
    "RESISC45": [
        {
            "acc/test/RESISC45": 0.8584126830101013,
            "loss/test/RESISC45": 0.4765819013118744,
            "normalized_acc/test/RESISC45": 0.9007328152656555
        }
    ],
    "FER2013": [
        {
            "acc/test/FER2013": 0.5876288414001465,
            "loss/test/FER2013": 1.1658742427825928,
            "normalized_acc/test/FER2013": 0.8243110775947571
        }
    ],
    "avg": [
        {
            "acc/test/avg": 0.7230207622051239,
            "normalized_acc/test/avg": 0.8625219464302063
        }
    ]
}