{
    "Cars": [
        {
            "acc/test/Cars": 0.6959333419799805,
            "loss/test/Cars": 0.9488210082054138,
            "normalized_acc/test/Cars": 0.8719227313995361
        }
    ],
    "EMNIST": [
        {
            "acc/test/EMNIST": 0.9171000123023987,
            "loss/test/EMNIST": 0.6274299025535583,
            "normalized_acc/test/EMNIST": 0.922171950340271
        }
    ],
    "avg": [
        {
            "acc/test/avg": 0.8065166771411896,
            "normalized_acc/test/avg": 0.8970473408699036
        }
    ]
}