{
    "MNIST": [
        {
            "acc/test/MNIST": 0.8672999739646912,
            "loss/test/MNIST": 0.850494921207428,
            "normalized_acc/test/MNIST": 0.8720965385437012
        }
    ],
    "RenderedSST2": [
        {
            "acc/test/RenderedSST2": 0.6644700765609741,
            "loss/test/RenderedSST2": 0.6156530976295471,
            "normalized_acc/test/RenderedSST2": 0.9789643883705139
        }
    ],
    "avg": [
        {
            "acc/test/avg": 0.7658850252628326,
            "normalized_acc/test/avg": 0.9255304634571075
        }
    ]
}