{
    "SUN397": [
        {
            "acc/test/SUN397": 0.7168262004852295,
            "loss/test/SUN397": 0.977600634098053,
            "normalized_acc/test/SUN397": 0.9573436975479126
        }
    ],
    "Cars": [
        {
            "acc/test/Cars": 0.714339017868042,
            "loss/test/Cars": 0.8827660083770752,
            "normalized_acc/test/Cars": 0.8949828743934631
        }
    ],
    "avg": [
        {
            "acc/test/avg": 0.7155826091766357,
            "normalized_acc/test/avg": 0.9261632859706879
        }
    ]
}