{
    "MNIST": [
        {
            "acc/test/MNIST": 0.8357999920845032,
            "loss/test/MNIST": 0.9392663240432739,
            "normalized_acc/test/MNIST": 0.8404223322868347
        }
    ],
    "STL10": [
        {
            "acc/test/STL10": 0.9808750152587891,
            "loss/test/STL10": 0.06512945145368576,
            "normalized_acc/test/STL10": 1.0055099725723267
        }
    ],
    "avg": [
        {
            "acc/test/avg": 0.9083375036716461,
            "normalized_acc/test/avg": 0.9229661524295807
        }
    ]
}