{
    "SVHN": [
        {
            "acc/test/SVHN": 0.6740165948867798,
            "loss/test/SVHN": 1.127752423286438,
            "normalized_acc/test/SVHN": 0.6972659230232239
        }
    ],
    "EMNIST": [
        {
            "acc/test/EMNIST": 0.8716999888420105,
            "loss/test/EMNIST": 0.7928117513656616,
            "normalized_acc/test/EMNIST": 0.8765208721160889
        }
    ],
    "avg": [
        {
            "acc/test/avg": 0.7728582918643951,
            "normalized_acc/test/avg": 0.7868933975696564
        }
    ]
}