{
    "SVHN": [
        {
            "acc/test/SVHN": 0.6557698249816895,
            "loss/test/SVHN": 1.2312943935394287,
            "normalized_acc/test/SVHN": 0.6783897280693054
        }
    ],
    "OxfordIIITPet": [
        {
            "acc/test/OxfordIIITPet": 0.8961569666862488,
            "loss/test/OxfordIIITPet": 0.30554792284965515,
            "normalized_acc/test/OxfordIIITPet": 0.9667744636535645
        }
    ],
    "avg": [
        {
            "acc/test/avg": 0.7759633958339691,
            "normalized_acc/test/avg": 0.8225820958614349
        }
    ]
}