{
    "SUN397": [
        {
            "acc/test/SUN397": 0.704433262348175,
            "loss/test/SUN397": 1.0070528984069824,
            "normalized_acc/test/SUN397": 0.9407925605773926
        }
    ],
    "CIFAR10": [
        {
            "acc/test/CIFAR10": 0.9603999853134155,
            "loss/test/CIFAR10": 0.12943419814109802,
            "normalized_acc/test/CIFAR10": 0.9847226142883301
        }
    ],
    "avg": [
        {
            "acc/test/avg": 0.8324166238307953,
            "normalized_acc/test/avg": 0.9627575874328613
        }
    ]
}