{
    "MNIST": [
        {
            "acc/test/MNIST": 0.8691999912261963,
            "loss/test/MNIST": 0.8085188865661621,
            "normalized_acc/test/MNIST": 0.8740070462226868
        }
    ],
    "DTD": [
        {
            "acc/test/DTD": 0.6143617033958435,
            "loss/test/DTD": 1.3865395784378052,
            "normalized_acc/test/DTD": 0.7857142686843872
        }
    ],
    "avg": [
        {
            "acc/test/avg": 0.7417808473110199,
            "normalized_acc/test/avg": 0.829860657453537
        }
    ]
}