{
    "MNIST": [
        {
            "acc/test/MNIST": 0.9297999739646912,
            "loss/test/MNIST": 0.5093784332275391,
            "normalized_acc/test/MNIST": 0.9349421858787537
        }
    ],
    "CIFAR100": [
        {
            "acc/test/CIFAR100": 0.7860000133514404,
            "loss/test/CIFAR100": 0.7590861916542053,
            "normalized_acc/test/CIFAR100": 0.9038638472557068
        }
    ],
    "avg": [
        {
            "acc/test/avg": 0.8578999936580658,
            "normalized_acc/test/avg": 0.9194030165672302
        }
    ]
}