{
    "SUN397": [
        {
            "acc/test/SUN397": 0.6981863975524902,
            "loss/test/SUN397": 1.0455323457717896,
            "normalized_acc/test/SUN397": 0.9324496984481812
        }
    ],
    "EuroSAT": [
        {
            "acc/test/EuroSAT": 0.898888885974884,
            "loss/test/EuroSAT": 0.28937801718711853,
            "normalized_acc/test/EuroSAT": 0.9055970311164856
        }
    ],
    "avg": [
        {
            "acc/test/avg": 0.7985376417636871,
            "normalized_acc/test/avg": 0.9190233647823334
        }
    ]
}