{
    "EuroSAT": [
        {
            "acc/test/EuroSAT": 0.8781481385231018,
            "loss/test/EuroSAT": 0.34971708059310913,
            "normalized_acc/test/EuroSAT": 0.8847014904022217
        }
    ],
    "CIFAR10": [
        {
            "acc/test/CIFAR10": 0.9498999714851379,
            "loss/test/CIFAR10": 0.15167352557182312,
            "normalized_acc/test/CIFAR10": 0.9739567041397095
        }
    ],
    "avg": [
        {
            "acc/test/avg": 0.9140240550041199,
            "normalized_acc/test/avg": 0.9293290972709656
        }
    ]
}