{
    "EuroSAT": [
        {
            "acc/test/EuroSAT": 0.8525925874710083,
            "loss/test/EuroSAT": 0.45265892148017883,
            "normalized_acc/test/EuroSAT": 0.8589552640914917
        }
    ],
    "EMNIST": [
        {
            "acc/test/EMNIST": 0.8026000261306763,
            "loss/test/EMNIST": 1.0566725730895996,
            "normalized_acc/test/EMNIST": 0.8070387840270996
        }
    ],
    "avg": [
        {
            "acc/test/avg": 0.8275963068008423,
            "normalized_acc/test/avg": 0.8329970240592957
        }
    ]
}