{
    "GTSRB": [
        {
            "acc/test/GTSRB": 0.7775930166244507,
            "loss/test/GTSRB": 0.9181302189826965,
            "normalized_acc/test/GTSRB": 0.7859944105148315
        }
    ],
    "FER2013": [
        {
            "acc/test/FER2013": 0.5769016146659851,
            "loss/test/FER2013": 1.1977894306182861,
            "normalized_acc/test/FER2013": 0.8092631697654724
        }
    ],
    "avg": [
        {
            "acc/test/avg": 0.6772473156452179,
            "normalized_acc/test/avg": 0.797628790140152
        }
    ]
}