{
    "EuroSAT": [
        {
            "acc/test/EuroSAT": 0.8374074101448059,
            "loss/test/EuroSAT": 0.47801727056503296,
            "normalized_acc/test/EuroSAT": 0.8436567187309265
        }
    ],
    "OxfordIIITPet": [
        {
            "acc/test/OxfordIIITPet": 0.8754429221153259,
            "loss/test/OxfordIIITPet": 0.38703441619873047,
            "normalized_acc/test/OxfordIIITPet": 0.9444281458854675
        }
    ],
    "avg": [
        {
            "acc/test/avg": 0.8564251661300659,
            "normalized_acc/test/avg": 0.894042432308197
        }
    ]
}