{
    "GTSRB": [
        {
            "acc/test/GTSRB": 0.7986540198326111,
            "loss/test/GTSRB": 0.8282824158668518,
            "normalized_acc/test/GTSRB": 0.8072829246520996
        }
    ],
    "CIFAR100": [
        {
            "acc/test/CIFAR100": 0.7879999876022339,
            "loss/test/CIFAR100": 0.7518987655639648,
            "normalized_acc/test/CIFAR100": 0.90616375207901
        }
    ],
    "avg": [
        {
            "acc/test/avg": 0.7933270037174225,
            "normalized_acc/test/avg": 0.8567233383655548
        }
    ]
}