{
    "DTD": [
        {
            "acc/test/DTD": 0.5462765693664551,
            "loss/test/DTD": 1.6362874507904053,
            "normalized_acc/test/DTD": 0.698639452457428
        }
    ],
    "Flowers102": [
        {
            "acc/test/Flowers102": 0.7563831806182861,
            "loss/test/Flowers102": 0.9779092073440552,
            "normalized_acc/test/Flowers102": 0.8416576385498047
        }
    ],
    "avg": [
        {
            "acc/test/avg": 0.6513298749923706,
            "normalized_acc/test/avg": 0.7701485455036163
        }
    ]
}