{
    "RESISC45": [
        {
            "acc/test/RESISC45": 0.8112698197364807,
            "loss/test/RESISC45": 0.6377611756324768,
            "normalized_acc/test/RESISC45": 0.8512657880783081
        }
    ],
    "RenderedSST2": [
        {
            "acc/test/RenderedSST2": 0.6650192141532898,
            "loss/test/RenderedSST2": 0.6136308312416077,
            "normalized_acc/test/RenderedSST2": 0.9797734618186951
        }
    ],
    "avg": [
        {
            "acc/test/avg": 0.7381445169448853,
            "normalized_acc/test/avg": 0.9155196249485016
        }
    ]
}