{
    "Cars": [
        {
            "acc/test/Cars": 0.7043899893760681,
            "loss/test/Cars": 0.9066526293754578,
            "normalized_acc/test/Cars": 0.88251793384552
        }
    ],
    "FashionMNIST": [
        {
            "acc/test/FashionMNIST": 0.8417999744415283,
            "loss/test/FashionMNIST": 0.4651948809623718,
            "normalized_acc/test/FashionMNIST": 0.8940101265907288
        }
    ],
    "avg": [
        {
            "acc/test/avg": 0.7730949819087982,
            "normalized_acc/test/avg": 0.8882640302181244
        }
    ]
}