{
    "DTD": [
        {
            "acc/test/DTD": 0.6132978796958923,
            "loss/test/DTD": 1.414876103401184,
            "normalized_acc/test/DTD": 0.7843537330627441
        }
    ],
    "PCAM": [
        {
            "acc/test/PCAM": 0.73626708984375,
            "loss/test/PCAM": 0.5347603559494019,
            "normalized_acc/test/PCAM": 0.8535342812538147
        }
    ],
    "avg": [
        {
            "acc/test/avg": 0.6747824847698212,
            "normalized_acc/test/avg": 0.8189440071582794
        }
    ]
}