{
    "Cars": [
        {
            "acc/test/Cars": 0.7016540169715881,
            "loss/test/Cars": 0.9279665946960449,
            "normalized_acc/test/Cars": 0.8790900707244873
        }
    ],
    "MNIST": [
        {
            "acc/test/MNIST": 0.9296000003814697,
            "loss/test/MNIST": 0.5510268807411194,
            "normalized_acc/test/MNIST": 0.9347410798072815
        }
    ],
    "avg": [
        {
            "acc/test/avg": 0.8156270086765289,
            "normalized_acc/test/avg": 0.9069155752658844
        }
    ]
}