{
    "RESISC45": [
        {
            "acc/test/RESISC45": 0.8501587510108948,
            "loss/test/RESISC45": 0.5135369896888733,
            "normalized_acc/test/RESISC45": 0.8920719623565674
        }
    ],
    "FashionMNIST": [
        {
            "acc/test/FashionMNIST": 0.819599986076355,
            "loss/test/FashionMNIST": 0.5426555275917053,
            "normalized_acc/test/FashionMNIST": 0.8704332709312439
        }
    ],
    "avg": [
        {
            "acc/test/avg": 0.8348793685436249,
            "normalized_acc/test/avg": 0.8812526166439056
        }
    ]
}