{
    "RESISC45": [
        {
            "acc/test/RESISC45": 0.7795237898826599,
            "loss/test/RESISC45": 0.7198053598403931,
            "normalized_acc/test/RESISC45": 0.8179546594619751
        }
    ],
    "STL10": [
        {
            "acc/test/STL10": 0.9818750023841858,
            "loss/test/STL10": 0.06378395110368729,
            "normalized_acc/test/STL10": 1.0065351724624634
        }
    ],
    "avg": [
        {
            "acc/test/avg": 0.8806993961334229,
            "normalized_acc/test/avg": 0.9122449159622192
        }
    ]
}