{
  "data": {
    "n_pairs_total": 179,
    "n_pairs_train": 113,
    "n_pairs_val": 66,
    "n_metrics": 29,
    "n_merge_methods": 4,
    "merge_methods": [
      "weight_avg",
      "arithmetic",
      "tsv",
      "isotropic"
    ],
    "train_tasks": [
      "CIFAR10",
      "CIFAR100",
      "DTD",
      "EuroSAT",
      "FER2013",
      "FashionMNIST",
      "Flowers102",
      "GTSRB",
      "KMNIST",
      "MNIST",
      "OxfordIIITPet",
      "PCAM",
      "RESISC45",
      "RenderedSST2",
      "STL10",
      "SVHN"
    ],
    "val_tasks": [
      "Cars",
      "EMNIST",
      "Food101",
      "SUN397"
    ]
  },
  "config": {
    "random_seed": 42,
    "validation_split": 0.2
  },
  "normalization": {
    "metrics": {
      "min_vals": {
        "right_subspace_overlap_top_k": 0.25041620259966396,
        "right_subspace_overlap_bottom_k": 0.2723849411974317,
        "interaction_matrix_overlap_top_k": 0.10403256360792888,
        "interaction_matrix_overlap_bottom_k": 0.14161783274491582,
        "effective_rank": 1.5509037971496582,
        "effective_rank_mergeability_score": 0.0006166696548461914,
        "stable_rank": 1.3663403987884521,
        "spectral_gap": 0.04846324399113655,
        "singular_value_ratio": 0.18976633250713348,
        "layerwise_effective_rank": 1.5061951007544805,
        "layerwise_effective_rank_mergeability_score": 0.05279409214075703,
        "task_vector_cosine_similarity": 0.017599662765860558,
        "task_vector_l2_distance": 1.1018004417419434,
        "task_vector_dot_product": 0.01899923011660576,
        "weight_space_angle": 65.43018249703549,
        "task_vector_magnitude_ratio": 0.19405712933159944,
        "singular_value_overlap": 0.8586736580110946,
        "subspace_overlap": 0.057509828710331105,
        "right_subspace_overlap": 0.07918855210520184,
        "activation_l2_distance": 1.3818771839141846,
        "activation_cosine_similarity": 0.765999436378479,
        "activation_magnitude_ratio": 0.8479683236390776,
        "activation_dot_product": 72.62097930908203,
        "encoder_gradient_cosine_similarity": -0.18100124597549438,
        "encoder_gradient_l2_distance": 0.2646402418613434,
        "encoder_gradient_dot_product": -0.09055434912443161,
        "input_gradient_cosine_similarity": -0.02535366825759411,
        "input_gradient_l2_distance": 0.008532422594726086,
        "input_gradient_dot_product": -0.00016633261111564934
      },
      "max_vals": {
        "right_subspace_overlap_top_k": 0.7592418675200329,
        "right_subspace_overlap_bottom_k": 0.4271782482496782,
        "interaction_matrix_overlap_top_k": 0.5886276431803433,
        "interaction_matrix_overlap_bottom_k": 0.2883538798349997,
        "effective_rank": 1.9993833303451538,
        "effective_rank_mergeability_score": 0.4490962028503418,
        "stable_rank": 1.9987672567367554,
        "spectral_gap": 0.8102336525917053,
        "singular_value_ratio": 0.9515367746353149,
        "layerwise_effective_rank": 1.947205907859243,
        "layerwise_effective_rank_mergeability_score": 0.4938048992455195,
        "task_vector_cosine_similarity": 0.4158017635345459,
        "task_vector_l2_distance": 5.254244804382324,
        "task_vector_dot_product": 2.7083942890167236,
        "weight_space_angle": 88.99156153777179,
        "task_vector_magnitude_ratio": 0.9982956026653382,
        "singular_value_overlap": 0.941358577530339,
        "subspace_overlap": 0.19920345094968686,
        "right_subspace_overlap": 0.24009334951076866,
        "activation_l2_distance": 7.238561630249023,
        "activation_cosine_similarity": 0.9904800057411194,
        "activation_magnitude_ratio": 0.9995727165966162,
        "activation_dot_product": 119.74378204345703,
        "encoder_gradient_cosine_similarity": 0.11323171108961105,
        "encoder_gradient_l2_distance": 2.7120490074157715,
        "encoder_gradient_dot_product": 0.06004917994141579,
        "input_gradient_cosine_similarity": 0.06875480711460114,
        "input_gradient_l2_distance": 0.31483009457588196,
        "input_gradient_dot_product": 0.0003173672594130039
      }
    },
    "performance": {
      "min_vals": {
        "weight_avg": 0.7156814634799957,
        "arithmetic": 0.5814085006713867,
        "tsv": 0.7468068897724152,
        "isotropic": 0.4291106387972832
      },
      "max_vals": {
        "weight_avg": 0.9968499839305878,
        "arithmetic": 0.9964500069618225,
        "tsv": 0.9971500039100647,
        "isotropic": 0.9783999919891357
      }
    }
  },
  "methods": {
    "weight_avg": {
      "model": {
        "input_dim": 29,
        "hidden_dim": 8,
        "dropout": 0.4,
        "output_dim": 1,
        "n_parameters": 249
      },
      "training": {
        "epochs": 300,
        "learning_rate": 0.001,
        "batch_size": 113,
        "final_train_loss": 0.14171701669692993,
        "final_val_loss": 0.1445678472518921,
        "best_val_loss": 0.14184631407260895
      },
      "metrics": {
        "train": {
          "mse": 0.002290641880087907,
          "mae": 0.0396311832283567,
          "r2": 0.4455815649566466,
          "pearson_r": 0.7463255305677159,
          "p_value": 2.3860274694757784e-21
        },
        "validation": {
          "mse": 0.0028572291370696883,
          "mae": 0.04407237409740082,
          "r2": 0.272110806020038,
          "pearson_r": 0.5254716429900189,
          "p_value": 5.88958444843645e-06
        }
      }
    },
    "arithmetic": {
      "model": {
        "input_dim": 29,
        "hidden_dim": 8,
        "dropout": 0.4,
        "output_dim": 1,
        "n_parameters": 249
      },
      "training": {
        "epochs": 300,
        "learning_rate": 0.001,
        "batch_size": 113,
        "final_train_loss": 0.17414821684360504,
        "final_val_loss": 0.24848568439483643,
        "best_val_loss": 0.24848568439483643
      },
      "metrics": {
        "train": {
          "mse": 0.007282866868996893,
          "mae": 0.06896914157977144,
          "r2": 0.21322630732265635,
          "pearson_r": 0.536203545207988,
          "p_value": 9.310860543776603e-10
        },
        "validation": {
          "mse": 0.010701002278527176,
          "mae": 0.08451858018189766,
          "r2": -0.4565686312248196,
          "pearson_r": 0.091570548154649,
          "p_value": 0.4646281796166887
        }
      }
    },
    "tsv": {
      "model": {
        "input_dim": 29,
        "hidden_dim": 8,
        "dropout": 0.4,
        "output_dim": 1,
        "n_parameters": 249
      },
      "training": {
        "epochs": 300,
        "learning_rate": 0.001,
        "batch_size": 113,
        "final_train_loss": 0.14589343965053558,
        "final_val_loss": 0.13455834984779358,
        "best_val_loss": 0.13455834984779358
      },
      "metrics": {
        "train": {
          "mse": 0.0020181662938159053,
          "mae": 0.036430727091112385,
          "r2": 0.43571742432625227,
          "pearson_r": 0.7848621641900811,
          "p_value": 8.146759922364558e-25
        },
        "validation": {
          "mse": 0.002108249098288708,
          "mae": 0.036836832462259946,
          "r2": 0.3539152944522176,
          "pearson_r": 0.6367676789489903,
          "p_value": 9.067417968587692e-09
        }
      }
    },
    "isotropic": {
      "model": {
        "input_dim": 29,
        "hidden_dim": 8,
        "dropout": 0.4,
        "output_dim": 1,
        "n_parameters": 249
      },
      "training": {
        "epochs": 300,
        "learning_rate": 0.001,
        "batch_size": 113,
        "final_train_loss": 0.16724750399589539,
        "final_val_loss": 0.15971316397190094,
        "best_val_loss": 0.15912184119224548
      },
      "metrics": {
        "train": {
          "mse": 0.011602868930422438,
          "mae": 0.08218740951161096,
          "r2": 0.2577499341013312,
          "pearson_r": 0.5914716208507655,